"DT_GERACAO";"HH_GERACAO";"ANO_ELEICAO";"CD_TIPO_ELEICAO";"NM_TIPO_ELEICAO";"CD_ELEICAO";"DS_ELEICAO";"DT_ELEICAO";"SG_UF";"SG_UE";"NM_UE";"SQ_CANDIDATO";"NR_ORDEM_CANDIDATO";"CD_TIPO_BEM_CANDIDATO";"DS_TIPO_BEM_CANDIDATO";"DS_BEM_CANDIDATO";"VR_BEM_CANDIDATO";"DT_ULTIMA_ATUALIZACAO";"HH_ULTIMA_ATUALIZACAO"
"27/09/2018";"19:04:45";"2018";"2";"Eleição Ordinária";"295";"Eleição Geral Federal 2018";"07/10/2018";"BR";"BR";"BRASIL";"280000602478";"10";"61";"Depósito bancário em conta corrente no País";"Saldo em conta corrente no Banco do Brasil";"12879,76";"17/09/2018";"19:07:20"
"27/09/2018";"19:04:45";"2018";"2";"Eleição Ordinária";"295";"Eleição Geral Federal 2018";"07/10/2018";"BR";"BR";"BRASIL";"280000605590";"5";"39";"Outras participações societárias";"PARTIC. SOCIET. NA EMP. ALIANÇA IMOVEIS URBANOS. CONSTITUIDA EM 2012.";"24000,00";"17/09/2018";"19:36:12"
"27/09/2018";"19:04:45";"2018";"2";"Eleição Ordinária";"295";"Eleição Geral Federal 2018";"07/10/2018";"BR";"BR";"BRASIL";"280000624085";"3";"12";"Casa";"#NULO#";"157489,56";"17/09/2018";"19:36:11"
"27/09/2018";"19:04:45";"2018";"2";"Eleição Ordinária";"295";"Eleição Geral Federal 2018";"07/10/2018";"BR";"BR";"BRASIL";"280000624085";"15";"31";"Ações (inclusive as provenientes de linha telefônica)";"#NULO#";"3459,00";"17/09/2018";"19:36:11"
"27/09/2018";"19:04:45";"2018";"2";"Eleição Ordinária";"295";"Eleição Geral Federal 2018";"07/10/2018";"BR";"BR";"BRASIL";"280000624085";"18";"39";"Outras participações societárias";"#NULO#";"2500,00";"17/09/2018";"19:36:11"
"27/09/2018";"19:04:45";"2018";"2";"Eleição Ordinária";"295";"Eleição Geral Federal 2018";"07/10/2018";"BR";"BR";"BRASIL";"280000624085";"12";"23";"Embarcação";"#NULO#";"123770,00";"17/09/2018";"19:36:11"
"27/09/2018";"19:04:45";"2018";"2";"Eleição Ordinária";"295";"Eleição Geral Federal 2018";"07/10/2018";"BR";"BR";"BRASIL";"280000624085";"23";"51";"Crédito decorrente de empréstimo";"#NULO#";"4000,00";"17/09/2018";"19:36:11"
"27/09/2018";"19:04:45";"2018";"2";"Eleição Ordinária";"295";"Eleição Geral Federal 2018";"07/10/2018";"BR";"BR";"BRASIL";"280000618463";"10";"25";"Jóia, quadro, objeto de arte, de coleção, antiguidade, etc.";"OBJETOS DE ARTE ";"250000,00";"17/09/2018";"19:07:20"
"27/09/2018";"19:04:45";"2018";"2";"Eleição Ordinária";"295";"Eleição Geral Federal 2018";"07/10/2018";"BR";"BR";"BRASIL";"280000618463";"18";"72";"Fundo de Longo Prazo e Fundo de Investimentos em Direitos Creditórios (FIDC)";"FUNDO DE PREVIDÊNCIA ASSOCIATIVA";"36876,96";"17/09/2018";"19:07:20"
"27/09/2018";"19:04:45";"2018";"2";"Eleição Ordinária";"295";"Eleição Geral Federal 2018";"07/10/2018";"BR";"BR";"BRASIL";"280000602478";"16";"21";"Veículo automotor terrestre: caminhão, automóvel, moto, etc.";"Automóvel Chevrolet Captiva, modelo 2012";"119851,88";"17/09/2018";"19:07:20"
"27/09/2018";"19:04:45";"2018";"2";"Eleição Ordinária";"295";"Eleição Geral Federal 2018";"07/10/2018";"BR";"BR";"BRASIL";"280000618462";"8";"61";"Depósito bancário em conta corrente no País";" BANCO DO BRASIL S/A - BB REF DI CASH PVT - AG. 4444-X, CONTA 5399-6";"514091,45";"17/09/2018";"19:07:20"
"27/09/2018";"19:04:45";"2018";"2";"Eleição Ordinária";"295";"Eleição Geral Federal 2018";"07/10/2018";"BR";"BR";"BRASIL";"280000618463";"1";"11";"Apartamento";"APT. 501, RUA GENERAL URQUIZA 39";"117772,96";"17/09/2018";"19:07:20"
"27/09/2018";"19:04:45";"2018";"2";"Eleição Ordinária";"295";"Eleição Geral Federal 2018";"07/10/2018";"BR";"BR";"BRASIL";"280000605589";"11";"59";"Outros créditos e poupança vinculados";"CREDITO A RECEBER DE LUCIO FERREIRA GOMES, DECORRRENTE DA VENDA DA PROPRIEDADE ADQUIRIDA POR HERANCA DO ESPOLIO DE MARIA JOSE SANTOS FERREIRA GOMES.";"13584,22";"17/09/2018";"19:36:12"
"27/09/2018";"19:04:45";"2018";"2";"Eleição Ordinária";"295";"Eleição Geral Federal 2018";"07/10/2018";"BR";"BR";"BRASIL";"280000618463";"27";"11";"Apartamento";"APARTAMENTO 121 DA RUA GUARAIUVA NUMERO 1116, NO 30 SUBDISTRITO DE IBIRAPUERA, BAIRRO CIDADE MONCOES, SAO PAULO, SP, ADQUIRIDO DE SILVANA FAKRI FERREIRA BRAGA (057.551.248-25) E SEU MARIDO JOSE ROBERT";"1300000,00";"17/09/2018";"19:07:20"
"27/09/2018";"19:04:45";"2018";"2";"Eleição Ordinária";"295";"Eleição Geral Federal 2018";"07/10/2018";"BR";"BR";"BRASIL";"280000625869";"14";"61";"Depósito bancário em conta corrente no País";"Banco do Brasil. Aplicação financeira. Agência 0427-8, C/C 13-2";"292,38";"17/09/2018";"19:36:12"
"27/09/2018";"19:04:45";"2018";"2";"Eleição Ordinária";"295";"Eleição Geral Federal 2018";"07/10/2018";"BR";"BR";"BRASIL";"280000622281";"9";"51";"Crédito decorrente de empréstimo";"#NULO#";"855160,00";"17/09/2018";"19:07:20"
"27/09/2018";"19:04:45";"2018";"2";"Eleição Ordinária";"295";"Eleição Geral Federal 2018";"07/10/2018";"BR";"BR";"BRASIL";"280000624082";"4";"12";"Casa";"#NULO#";"1,00";"24/09/2018";"18:08:09"
"27/09/2018";"19:04:45";"2018";"2";"Eleição Ordinária";"295";"Eleição Geral Federal 2018";"07/10/2018";"BR";"BR";"BRASIL";"280000602478";"2";"61";"Depósito bancário em conta corrente no País";"Saldo em caderneta de poupança na CEF";"0,80";"17/09/2018";"19:07:20"
"27/09/2018";"19:04:45";"2018";"2";"Eleição Ordinária";"295";"Eleição Geral Federal 2018";"07/10/2018";"BR";"BR";"BRASIL";"280000618463";"5";"17";"Benfeitorias";" BENFEITORIAS NOS LOTES 06,07 E 37 - CONDOMINIAL BOA ESPERANÇA - ITAIPAVA-PETROPOLISC EM 2005 R$327.000,00, EM 2006 R$323.000,00, EM 2007 R$50.000,00, EM 2008 R$85.000,00 EM 2015, NOVAS BENFEITORIAS D";"2312000,00";"17/09/2018";"19:07:20"
"27/09/2018";"19:04:45";"2018";"2";"Eleição Ordinária";"295";"Eleição Geral Federal 2018";"07/10/2018";"BR";"BR";"BRASIL";"280000618463";"13";"51";"Crédito decorrente de empréstimo";"ADIANTAMENTO PARA FUTURO AUMENTO DE CAPITAL P/ SR RATING/DUFF   PHELPS";"71692,66";"17/09/2018";"19:07:20"
"27/09/2018";"19:04:45";"2018";"2";"Eleição Ordinária";"295";"Eleição Geral Federal 2018";"07/10/2018";"BR";"BR";"BRASIL";"280000624085";"16";"31";"Ações (inclusive as provenientes de linha telefônica)";"#NULO#";"2889,00";"17/09/2018";"19:36:11"
"27/09/2018";"19:04:45";"2018";"2";"Eleição Ordinária";"295";"Eleição Geral Federal 2018";"07/10/2018";"BR";"BR";"BRASIL";"280000618463";"7";"21";"Veículo automotor terrestre: caminhão, automóvel, moto, etc.";"AUTO MISTUBISHI PAJERO MOD.2000";"93600,00";"17/09/2018";"19:07:20"
"27/09/2018";"19:04:45";"2018";"2";"Eleição Ordinária";"295";"Eleição Geral Federal 2018";"07/10/2018";"BR";"BR";"BRASIL";"280000625869";"8";"51";"Crédito decorrente de empréstimo";"Em favor de Sandro Luís Lula da Silva, CPF 296.539.278-50, em 10/05/2013";"50000,00";"17/09/2018";"19:36:12"
"27/09/2018";"19:04:45";"2018";"2";"Eleição Ordinária";"295";"Eleição Geral Federal 2018";"07/10/2018";"BR";"BR";"BRASIL";"280000625870";"4";"61";"Depósito bancário em conta corrente no País";"BB, Ag. 4853-4, C/C 7739-9";"15004,83";"17/09/2018";"19:36:12"
"27/09/2018";"19:04:45";"2018";"2";"Eleição Ordinária";"295";"Eleição Geral Federal 2018";"07/10/2018";"BR";"BR";"BRASIL";"280000618463";"28";"17";"Benfeitorias";"REFORMA GERAL DO APTO. 121 DA R. GUARAIUVA 1116, CIDADE MONCOES, SÃO PAULO , SP, NOVAS BENFEITORIAS NO AP NO VALOR DE R$52000,00";"704000,00";"17/09/2018";"19:07:20"
"27/09/2018";"19:04:45";"2018";"2";"Eleição Ordinária";"295";"Eleição Geral Federal 2018";"07/10/2018";"BR";"BR";"BRASIL";"280000625870";"1";"11";"Apartamento";"Cota-parte do apto. 112 do Condomínio Edifício Panorama, sito à Rua Afonso de Freitas, 488";"90000,00";"17/09/2018";"19:36:12"
"27/09/2018";"19:04:45";"2018";"2";"Eleição Ordinária";"295";"Eleição Geral Federal 2018";"07/10/2018";"BR";"BR";"BRASIL";"280000622282";"3";"15";"Sala ou conjunto";"#NULO#";"12561,23";"17/09/2018";"19:07:20"
"27/09/2018";"19:04:45";"2018";"2";"Eleição Ordinária";"295";"Eleição Geral Federal 2018";"07/10/2018";"BR";"BR";"BRASIL";"280000622281";"3";"13";"Terreno";"#NULO#";"169,96";"17/09/2018";"19:07:20"
"27/09/2018";"19:04:45";"2018";"2";"Eleição Ordinária";"295";"Eleição Geral Federal 2018";"07/10/2018";"BR";"BR";"BRASIL";"280000607640";"3";"11";"Apartamento";"#NULO#";"5090453,91";"17/09/2018";"19:07:20"
"27/09/2018";"19:04:45";"2018";"2";"Eleição Ordinária";"295";"Eleição Geral Federal 2018";"07/10/2018";"BR";"BR";"BRASIL";"280000607640";"15";"21";"Veículo automotor terrestre: caminhão, automóvel, moto, etc.";"#NULO#";"102000,00";"17/09/2018";"19:07:20"
"27/09/2018";"19:04:45";"2018";"2";"Eleição Ordinária";"295";"Eleição Geral Federal 2018";"07/10/2018";"BR";"BR";"BRASIL";"280000607640";"18";"92";"Título de clube e assemelhado";"#NULO#";"340000,00";"17/09/2018";"19:07:20"
"27/09/2018";"19:04:45";"2018";"2";"Eleição Ordinária";"295";"Eleição Geral Federal 2018";"07/10/2018";"BR";"BR";"BRASIL";"280000607641";"1";"25";"Jóia, quadro, objeto de arte, de coleção, antiguidade, etc.";"#NULO#";"4604,19";"17/09/2018";"19:07:20"
"27/09/2018";"19:04:45";"2018";"2";"Eleição Ordinária";"295";"Eleição Geral Federal 2018";"07/10/2018";"BR";"BR";"BRASIL";"280000602478";"32";"29";"Outros bens móveis";"Parte de pagamento para aquisição de um automóvel";"50000,00";"17/09/2018";"19:07:20"
"27/09/2018";"19:04:45";"2018";"2";"Eleição Ordinária";"295";"Eleição Geral Federal 2018";"07/10/2018";"BR";"BR";"BRASIL";"280000607641";"4";"45";"Aplicação de renda fixa (CDB, RDB e outros)";"#NULO#";"508963,36";"17/09/2018";"19:07:20"
"27/09/2018";"19:04:45";"2018";"2";"Eleição Ordinária";"295";"Eleição Geral Federal 2018";"07/10/2018";"BR";"BR";"BRASIL";"280000607641";"2";"12";"Casa";"#NULO#";"2160506,87";"17/09/2018";"19:07:20"
"27/09/2018";"19:04:45";"2018";"2";"Eleição Ordinária";"295";"Eleição Geral Federal 2018";"07/10/2018";"BR";"BR";"BRASIL";"280000614517";"10";"31";"Ações (inclusive as provenientes de linha telefônica)";"60 ações ON da Oi S/A";"725,40";"17/09/2018";"19:07:20"
"27/09/2018";"19:04:45";"2018";"2";"Eleição Ordinária";"295";"Eleição Geral Federal 2018";"07/10/2018";"BR";"BR";"BRASIL";"280000605590";"3";"11";"Apartamento";"SUITE 1.505 NO COSMOPOLITAN HOE OFFICE, AV. SEGURADO, LT 13, CONJ 01, PALMAS, TO. ADQ. DA CANADA EMPREEND. IMOB. ";"203285,88";"17/09/2018";"19:36:12"
"27/09/2018";"19:04:45";"2018";"2";"Eleição Ordinária";"295";"Eleição Geral Federal 2018";"07/10/2018";"BR";"BR";"BRASIL";"280000602478";"27";"11";"Apartamento";"Apartamento no Residencial Ise Schafer, Canela - RS";"184600,00";"17/09/2018";"19:07:20"
"27/09/2018";"19:04:45";"2018";"2";"Eleição Ordinária";"295";"Eleição Geral Federal 2018";"07/10/2018";"BR";"BR";"BRASIL";"280000624085";"22";"51";"Crédito decorrente de empréstimo";"#NULO#";"401942,46";"17/09/2018";"19:36:11"
"27/09/2018";"19:04:45";"2018";"2";"Eleição Ordinária";"295";"Eleição Geral Federal 2018";"07/10/2018";"BR";"BR";"BRASIL";"280000602478";"24";"45";"Aplicação de renda fixa (CDB, RDB e outros)";"Aplicação em Renda Fixa no Banco Bradesco SA";"4586,97";"17/09/2018";"19:07:20"
"27/09/2018";"19:04:45";"2018";"2";"Eleição Ordinária";"295";"Eleição Geral Federal 2018";"07/10/2018";"BR";"BR";"BRASIL";"280000625869";"3";"11";"Apartamento";" [Ed. Kentucky] Av. Getúlio Vargas, 405, 10. andar, ap. 102, SBC-SP, CEP 09751-250. Adquirido em 25/09/2001. Área total de 131,5m², matrícula 82.028, 1. R.I. SBC-SP";"38334,67";"17/09/2018";"19:36:12"
"27/09/2018";"19:04:45";"2018";"2";"Eleição Ordinária";"295";"Eleição Geral Federal 2018";"07/10/2018";"BR";"BR";"BRASIL";"280000618463";"24";"17";"Benfeitorias";"BENFEITORIAS REALIZADAS EM 2010 NO CONJ 101 SITUADO A RUA JAMES JOULE, 92 NO VALOR DE R$250.000,00. EM 2011 FORAM REALIZADAS BENFEITORIAS NO VALOR DE R$ 490.034,09";"740034,09";"17/09/2018";"19:07:20"
"27/09/2018";"19:04:45";"2018";"2";"Eleição Ordinária";"295";"Eleição Geral Federal 2018";"07/10/2018";"BR";"BR";"BRASIL";"280000629808";"2";"32";"Quotas ou quinhões de capital";"#NULO#";"140446,26";"26/09/2018";"10:52:17"
"27/09/2018";"19:04:45";"2018";"2";"Eleição Ordinária";"295";"Eleição Geral Federal 2018";"07/10/2018";"BR";"BR";"BRASIL";"280000622281";"1";"11";"Apartamento";"#NULO#";"21877940,30";"17/09/2018";"19:07:20"
"27/09/2018";"19:04:45";"2018";"2";"Eleição Ordinária";"295";"Eleição Geral Federal 2018";"07/10/2018";"BR";"BR";"BRASIL";"280000607640";"13";"21";"Veículo automotor terrestre: caminhão, automóvel, moto, etc.";"#NULO#";"168000,00";"17/09/2018";"19:07:20"
"27/09/2018";"19:04:45";"2018";"2";"Eleição Ordinária";"295";"Eleição Geral Federal 2018";"07/10/2018";"BR";"BR";"BRASIL";"280000629808";"1";"11";"Apartamento";"#NULO#";"90000,00";"26/09/2018";"10:52:17"
"27/09/2018";"19:04:45";"2018";"2";"Eleição Ordinária";"295";"Eleição Geral Federal 2018";"07/10/2018";"BR";"BR";"BRASIL";"280000629808";"4";"12";"Casa";"#NULO#";"183000,00";"26/09/2018";"10:52:17"
"27/09/2018";"19:04:45";"2018";"2";"Eleição Ordinária";"295";"Eleição Geral Federal 2018";"07/10/2018";"BR";"BR";"BRASIL";"280000607640";"17";"25";"Jóia, quadro, objeto de arte, de coleção, antiguidade, etc.";"#NULO#";"1173645,00";"17/09/2018";"19:07:20"
"27/09/2018";"19:04:45";"2018";"2";"Eleição Ordinária";"295";"Eleição Geral Federal 2018";"07/10/2018";"BR";"BR";"BRASIL";"280000607640";"11";"23";"Embarcação";"#NULO#";"4127245,00";"17/09/2018";"19:07:20"
"27/09/2018";"19:04:45";"2018";"2";"Eleição Ordinária";"295";"Eleição Geral Federal 2018";"07/10/2018";"BR";"BR";"BRASIL";"280000607640";"27";"32";"Quotas ou quinhões de capital";"#NULO#";"39518141,43";"17/09/2018";"19:07:20"
"27/09/2018";"19:04:45";"2018";"2";"Eleição Ordinária";"295";"Eleição Geral Federal 2018";"07/10/2018";"BR";"BR";"BRASIL";"280000614517";"14";"45";"Aplicação de renda fixa (CDB, RDB e outros)";"Banco do Brasil S/A, 4884-4 - 268.324-5 - BB RF CP Estilo";"73697,86";"17/09/2018";"19:07:20"
"27/09/2018";"19:04:45";"2018";"2";"Eleição Ordinária";"295";"Eleição Geral Federal 2018";"07/10/2018";"BR";"BR";"BRASIL";"280000624085";"17";"39";"Outras participações societárias";"#NULO#";"356757,00";"17/09/2018";"19:36:11"
"27/09/2018";"19:04:45";"2018";"2";"Eleição Ordinária";"295";"Eleição Geral Federal 2018";"07/10/2018";"BR";"BR";"BRASIL";"280000624085";"26";"51";"Crédito decorrente de empréstimo";"#NULO#";"1964247,36";"17/09/2018";"19:36:11"
"27/09/2018";"19:04:45";"2018";"2";"Eleição Ordinária";"295";"Eleição Geral Federal 2018";"07/10/2018";"BR";"BR";"BRASIL";"280000624085";"35";"61";"Depósito bancário em conta corrente no País";"#NULO#";"964,88";"17/09/2018";"19:36:11"
"27/09/2018";"19:04:45";"2018";"2";"Eleição Ordinária";"295";"Eleição Geral Federal 2018";"07/10/2018";"BR";"BR";"BRASIL";"280000602478";"6";"18";"Loja";"Imóvel no empreendimento San Raphael, bloco 3 e 4, loja T 10, Brasília - DF";"174537,93";"17/09/2018";"19:07:20"
"27/09/2018";"19:04:45";"2018";"2";"Eleição Ordinária";"295";"Eleição Geral Federal 2018";"07/10/2018";"BR";"BR";"BRASIL";"280000618463";"17";"61";"Depósito bancário em conta corrente no País";"BANCO BRADESCO - AG. 1669-1 - CC: 191.719-6 ";"1,00";"17/09/2018";"19:07:20"
"27/09/2018";"19:04:45";"2018";"2";"Eleição Ordinária";"295";"Eleição Geral Federal 2018";"07/10/2018";"BR";"BR";"BRASIL";"280000614518";"1";"11";"Apartamento";"Apartamento na Rua Anita Garibaldi 499/1001 - Bairro Mont Serrat - Porto Alegre/RD";"204000,00";"17/09/2018";"19:07:20"
"27/09/2018";"19:04:45";"2018";"2";"Eleição Ordinária";"295";"Eleição Geral Federal 2018";"07/10/2018";"BR";"BR";"BRASIL";"280000602477";"12";"31";"Ações (inclusive as provenientes de linha telefônica)";"Ações da Petrobras-PETR4[100]";"1608,00";"17/09/2018";"19:07:20"
"27/09/2018";"19:04:45";"2018";"2";"Eleição Ordinária";"295";"Eleição Geral Federal 2018";"07/10/2018";"BR";"BR";"BRASIL";"280000602477";"15";"29";"Outros bens móveis";"26 cabeças de gado";"48780,00";"17/09/2018";"19:07:20"
"27/09/2018";"19:04:45";"2018";"2";"Eleição Ordinária";"295";"Eleição Geral Federal 2018";"07/10/2018";"BR";"BR";"BRASIL";"280000605589";"8";"19";"Outros bens imóveis";"1/5 DE UM IMOVEL RESIDENCIAL SITUADO NO BOULEVARD CEL. JOAO BARBOSA, N. 518, BAIRRO CENTRO, EM SOBRAL/CE, ADQUIRIDO POR HERANCA DO ESPOLIO DE MARIA JOSE SANTOS FERREIRA GOMES";"160000,00";"17/09/2018";"19:36:12"
"27/09/2018";"19:04:45";"2018";"2";"Eleição Ordinária";"295";"Eleição Geral Federal 2018";"07/10/2018";"BR";"BR";"BRASIL";"280000605589";"9";"12";"Casa";"UMA CASA NA AV. DR. JOSE ARIMATEIA MONTE E SILVA, 235 BAIRRO CAMPO DOS VELHOS, EM SOBRAL/CE, MATRICULA 8421, ADQUIRIDO POR HERANCA DO ESPOLIO DE MARIA JOSE SANTOS FERREIRA GOMES.";"300000,00";"17/09/2018";"19:36:12"
"27/09/2018";"19:04:45";"2018";"2";"Eleição Ordinária";"295";"Eleição Geral Federal 2018";"07/10/2018";"BR";"BR";"BRASIL";"280000618463";"22";"32";"Quotas ou quinhões de capital";"153.992 QUOTAS DA RASTRO EMPREENDIMENTOS IMOBILIÁRIOS LTDA ADQUIRIDAS POR INVENTARIO DO ESPOLIO DE NEWTON RABELLO DE CASTRO, CONFORME ACORDO JUDICIAL COM OS DEMAIS HERDEIROS";"153992,00";"17/09/2018";"19:07:20"
"27/09/2018";"19:04:45";"2018";"2";"Eleição Ordinária";"295";"Eleição Geral Federal 2018";"07/10/2018";"BR";"BR";"BRASIL";"280000618463";"33";"61";"Depósito bancário em conta corrente no País";"BRADESCO FIC FIRF PLUS ";"16079,27";"17/09/2018";"19:07:20"
"27/09/2018";"19:04:45";"2018";"2";"Eleição Ordinária";"295";"Eleição Geral Federal 2018";"07/10/2018";"BR";"BR";"BRASIL";"280000607641";"6";"41";"Caderneta de poupança";"#NULO#";"2458,04";"17/09/2018";"19:07:20"
"27/09/2018";"19:04:45";"2018";"2";"Eleição Ordinária";"295";"Eleição Geral Federal 2018";"07/10/2018";"BR";"BR";"BRASIL";"280000622281";"13";"72";"Fundo de Longo Prazo e Fundo de Investimentos em Direitos Creditórios (FIDC)";"#NULO#";"58821382,45";"17/09/2018";"19:07:20"
"27/09/2018";"19:04:45";"2018";"2";"Eleição Ordinária";"295";"Eleição Geral Federal 2018";"07/10/2018";"BR";"BR";"BRASIL";"280000622282";"7";"41";"Caderneta de poupança";"#NULO#";"112085,67";"17/09/2018";"19:07:20"
"27/09/2018";"19:04:45";"2018";"2";"Eleição Ordinária";"295";"Eleição Geral Federal 2018";"07/10/2018";"BR";"BR";"BRASIL";"280000605589";"3";"59";"Outros créditos e poupança vinculados";"CREDITO COM LIVIA SABOYA FERREIRA GOMES, DECORRENTE DA VENDA DO APTO. NA AV. HISTORIADOR RAIMUNDO GIRAO, 594/2104, PRAIA DE IRACEMA, FORTALEZA, CE.";"51990,69";"17/09/2018";"19:36:12"
"27/09/2018";"19:04:45";"2018";"2";"Eleição Ordinária";"295";"Eleição Geral Federal 2018";"07/10/2018";"BR";"BR";"BRASIL";"280000602478";"12";"12";"Casa";"Casa na Rua Norberto José Jahn, qd. 99, lote 8, Santa Terezinha, Canela - RS";"240000,00";"17/09/2018";"19:07:20"
"27/09/2018";"19:04:45";"2018";"2";"Eleição Ordinária";"295";"Eleição Geral Federal 2018";"07/10/2018";"BR";"BR";"BRASIL";"280000602478";"21";"45";"Aplicação de renda fixa (CDB, RDB e outros)";"Aplicação em CDB no Banco do Brasil";"93500,00";"17/09/2018";"19:07:20"
"27/09/2018";"19:04:45";"2018";"2";"Eleição Ordinária";"295";"Eleição Geral Federal 2018";"07/10/2018";"BR";"BR";"BRASIL";"280000605590";"12";"51";"Crédito decorrente de empréstimo";"EMPRESTIMO A IRATA ABREU SILVESTRE";"510000,00";"17/09/2018";"19:36:12"
"27/09/2018";"19:04:45";"2018";"2";"Eleição Ordinária";"295";"Eleição Geral Federal 2018";"07/10/2018";"BR";"BR";"BRASIL";"280000602478";"7";"18";"Loja";"Imóvel no empreendimento San Raphael, bloco 3 e 4, loja T 09, Brasília - DF";"139758,98";"17/09/2018";"19:07:20"
"27/09/2018";"19:04:45";"2018";"2";"Eleição Ordinária";"295";"Eleição Geral Federal 2018";"07/10/2018";"BR";"BR";"BRASIL";"280000618463";"4";"17";"Benfeitorias";"BENFEITORIAS APT. 501 RUA GENERAL URQUIZA EM 96 R$50.000,00 E EM 97 R$90.000,00, EM 2003 DE R$100.000.00, EM 2004,R$ 62.000,00, EM 2005 R$38.000,00, EM 2006 R$100.000,00, EM 2007 R$100.000,00, EM 2008";"760000,00";"17/09/2018";"19:07:20"
"27/09/2018";"19:04:45";"2018";"2";"Eleição Ordinária";"295";"Eleição Geral Federal 2018";"07/10/2018";"BR";"BR";"BRASIL";"280000624085";"28";"21";"Veículo automotor terrestre: caminhão, automóvel, moto, etc.";"#NULO#";"24000,00";"17/09/2018";"19:36:11"
"27/09/2018";"19:04:45";"2018";"2";"Eleição Ordinária";"295";"Eleição Geral Federal 2018";"07/10/2018";"BR";"BR";"BRASIL";"280000624085";"8";"17";"Benfeitorias";"#NULO#";"779,10";"17/09/2018";"19:36:11"
"27/09/2018";"19:04:45";"2018";"2";"Eleição Ordinária";"295";"Eleição Geral Federal 2018";"07/10/2018";"BR";"BR";"BRASIL";"280000618462";"5";"61";"Depósito bancário em conta corrente no País";"BANCO ITAU S/A - CONTA CORRENTE - AG 3812 CONTA 07099-7";"10,00";"17/09/2018";"19:07:20"
"27/09/2018";"19:04:45";"2018";"2";"Eleição Ordinária";"295";"Eleição Geral Federal 2018";"07/10/2018";"BR";"BR";"BRASIL";"280000602477";"4";"14";"Terra nua";"Uma gleba de terra com área de 8.4ha, denominada sítio Modelo, Bairro Tetequera, Pindamonhagaba - SP";"110959,51";"17/09/2018";"19:07:20"
"27/09/2018";"19:04:45";"2018";"2";"Eleição Ordinária";"295";"Eleição Geral Federal 2018";"07/10/2018";"BR";"BR";"BRASIL";"280000618463";"32";"13";"Terreno";"FRACÃO IDEAL CORRESPONDENTE A 1/5 DE TERRENO COM CASA DE 360M2 NO JARDIM ITAMONTE, LOTE 3 DA QUADRA 2 EM GUAPIMIRIM, RJ ADQUIRIDO DE PERSONA SAUDE PSICOLOGIA E EDUCAÇÃO LTDA CNPJ 30.478.614/0001-44 EM";"200000,00";"17/09/2018";"19:07:20"
"27/09/2018";"19:04:45";"2018";"2";"Eleição Ordinária";"295";"Eleição Geral Federal 2018";"07/10/2018";"BR";"BR";"BRASIL";"280000602501";"4";"21";"Veículo automotor terrestre: caminhão, automóvel, moto, etc.";"#NULO#";"52854,32";"17/09/2018";"19:36:11"
"27/09/2018";"19:04:45";"2018";"2";"Eleição Ordinária";"295";"Eleição Geral Federal 2018";"07/10/2018";"BR";"BR";"BRASIL";"280000622282";"11";"71";"Fundo de Curto Prazo";"#NULO#";"110506,06";"17/09/2018";"19:07:20"
"27/09/2018";"19:04:45";"2018";"2";"Eleição Ordinária";"295";"Eleição Geral Federal 2018";"07/10/2018";"BR";"BR";"BRASIL";"280000607641";"8";"49";"Outras aplicações e Investimentos";"#NULO#";"342000,00";"17/09/2018";"19:07:20"
"27/09/2018";"19:04:45";"2018";"2";"Eleição Ordinária";"295";"Eleição Geral Federal 2018";"07/10/2018";"BR";"BR";"BRASIL";"280000607640";"9";"13";"Terreno";"#NULO#";"158070,80";"17/09/2018";"19:07:20"
"27/09/2018";"19:04:45";"2018";"2";"Eleição Ordinária";"295";"Eleição Geral Federal 2018";"07/10/2018";"BR";"BR";"BRASIL";"280000607640";"23";"45";"Aplicação de renda fixa (CDB, RDB e outros)";"#NULO#";"217538262,19";"17/09/2018";"19:07:20"
"27/09/2018";"19:04:45";"2018";"2";"Eleição Ordinária";"295";"Eleição Geral Federal 2018";"07/10/2018";"BR";"BR";"BRASIL";"280000602478";"26";"29";"Outros bens móveis";"Juros de capital creditados no Banco Itaú Unibanco Holding SA";"35,87";"17/09/2018";"19:07:20"
"27/09/2018";"19:04:45";"2018";"2";"Eleição Ordinária";"295";"Eleição Geral Federal 2018";"07/10/2018";"BR";"BR";"BRASIL";"280000618463";"19";"32";"Quotas ou quinhões de capital";"QUOTAS DA SR RATING RECEBIDAS POR DOAÇÃO DE SÓCIOS RETIRANTES: ERNANI LOPES (477), PAULO CARLOS DE BRITO (380), SAER (543), PAULO JORGE SATURNINO CUNHA (216), RUBENS BRANCO DA SILVA (1020), WALTER LEE";"3253,00";"17/09/2018";"19:07:20"
"27/09/2018";"19:04:45";"2018";"2";"Eleição Ordinária";"295";"Eleição Geral Federal 2018";"07/10/2018";"BR";"BR";"BRASIL";"280000624085";"14";"26";"Linha telefônica";"#NULO#";"13610,16";"17/09/2018";"19:36:11"
"27/09/2018";"19:04:45";"2018";"2";"Eleição Ordinária";"295";"Eleição Geral Federal 2018";"07/10/2018";"BR";"BR";"BRASIL";"280000618463";"21";"32";"Quotas ou quinhões de capital";"748 QUOTAS DA RC CONSULTORES SOCIEDADE SIMPLES LTDA ";"748,00";"17/09/2018";"19:07:20"
"27/09/2018";"19:04:45";"2018";"2";"Eleição Ordinária";"295";"Eleição Geral Federal 2018";"07/10/2018";"BR";"BR";"BRASIL";"280000605589";"13";"39";"Outras participações societárias";"50% de PARTICIPAÇÃO NA EMPRESA XEREZ SALDANHA VASCONCELOS E CIRO GOMES ADVOGADOS ASSOCIADOS.";"25000,00";"17/09/2018";"19:36:12"
"27/09/2018";"19:04:45";"2018";"2";"Eleição Ordinária";"295";"Eleição Geral Federal 2018";"07/10/2018";"BR";"BR";"BRASIL";"280000625869";"11";"52";"Crédito decorrente de alienação";"Distrato de 11/2015, com solicitação de resgate da quota parte do termo de adesão e compromisso de participação para implantação e construção através da Bancoop";"179298,96";"17/09/2018";"19:36:12"
"27/09/2018";"19:04:45";"2018";"2";"Eleição Ordinária";"295";"Eleição Geral Federal 2018";"07/10/2018";"BR";"BR";"BRASIL";"280000618463";"26";"51";"Crédito decorrente de empréstimo";"CRÉDITOS CONTRA RC EMPREENDIMENTOS AGROPECUÁRIOS S.A (CNPJ 14.922.512/0001-10) NOVO ADIANTAMENTO REALIZADO EM 2017 DE R$108200,00";"744762,21";"17/09/2018";"19:07:20"
"27/09/2018";"19:04:45";"2018";"2";"Eleição Ordinária";"295";"Eleição Geral Federal 2018";"07/10/2018";"BR";"BR";"BRASIL";"280000622281";"10";"62";"Depósito bancário em conta corrente no exterior";"#NULO#";"6895891,05";"17/09/2018";"19:07:20"
"27/09/2018";"19:04:45";"2018";"2";"Eleição Ordinária";"295";"Eleição Geral Federal 2018";"07/10/2018";"BR";"BR";"BRASIL";"280000622281";"12";"61";"Depósito bancário em conta corrente no País";"#NULO#";"7948,64";"17/09/2018";"19:07:20"
"27/09/2018";"19:04:45";"2018";"2";"Eleição Ordinária";"295";"Eleição Geral Federal 2018";"07/10/2018";"BR";"BR";"BRASIL";"280000614517";"11";"31";"Ações (inclusive as provenientes de linha telefônica)";"67 ações PN da Oi S/A";"557,44";"17/09/2018";"19:07:20"
"27/09/2018";"19:04:45";"2018";"2";"Eleição Ordinária";"295";"Eleição Geral Federal 2018";"07/10/2018";"BR";"BR";"BRASIL";"280000602478";"11";"61";"Depósito bancário em conta corrente no País";"Saldo em cartões pré-pago do Banco do Brasil";"915,12";"17/09/2018";"19:07:20"
"27/09/2018";"19:04:45";"2018";"2";"Eleição Ordinária";"295";"Eleição Geral Federal 2018";"07/10/2018";"BR";"BR";"BRASIL";"280000605589";"6";"21";"Veículo automotor terrestre: caminhão, automóvel, moto, etc.";"VEICULO HYUNDAI ELANTRA MD 1.8 AUT. 2012/2013.";"85000,00";"17/09/2018";"19:36:12"
"27/09/2018";"19:04:45";"2018";"2";"Eleição Ordinária";"295";"Eleição Geral Federal 2018";"07/10/2018";"BR";"BR";"BRASIL";"280000601017";"1";"41";"Caderneta de poupança";"#NULO#";"11000,00";"17/09/2018";"19:07:20"
"27/09/2018";"19:04:45";"2018";"2";"Eleição Ordinária";"295";"Eleição Geral Federal 2018";"07/10/2018";"BR";"BR";"BRASIL";"280000614518";"2";"21";"Veículo automotor terrestre: caminhão, automóvel, moto, etc.";"Veículo Sandero Stepway, modelo 2014, Placa IVV3867";"61000,00";"17/09/2018";"19:07:20"
"27/09/2018";"19:04:45";"2018";"2";"Eleição Ordinária";"295";"Eleição Geral Federal 2018";"07/10/2018";"BR";"BR";"BRASIL";"280000602477";"5";"14";"Terra nua";"Uma gleba de terra com área de 3.9ha, no Bairro Tetequera, Pindamonhagaba - SP";"30091,04";"17/09/2018";"19:07:20"
"27/09/2018";"19:04:45";"2018";"2";"Eleição Ordinária";"295";"Eleição Geral Federal 2018";"07/10/2018";"BR";"BR";"BRASIL";"280000624085";"37";"45";"Aplicação de renda fixa (CDB, RDB e outros)";"#NULO#";"896238,03";"17/09/2018";"19:36:11"
"27/09/2018";"19:04:45";"2018";"2";"Eleição Ordinária";"295";"Eleição Geral Federal 2018";"07/10/2018";"BR";"BR";"BRASIL";"280000625869";"4";"13";"Terreno";"Situado no subdistrito de Riacho Grande, SBC-SP. Adquirido em 22/07/1992, NIRF 67785867. Matrícula 54.112, 1. R.I. SBC-SP";"5466,90";"17/09/2018";"19:36:12"
"27/09/2018";"19:04:45";"2018";"2";"Eleição Ordinária";"295";"Eleição Geral Federal 2018";"07/10/2018";"BR";"BR";"BRASIL";"280000625869";"12";"45";"Aplicação de renda fixa (CDB, RDB e outros)";"Aplicação CBD DI ¿ Banco do Brasil, Ag. 4883, C/C 1313-7";"4801,24";"17/09/2018";"19:36:12"
"27/09/2018";"19:04:45";"2018";"2";"Eleição Ordinária";"295";"Eleição Geral Federal 2018";"07/10/2018";"BR";"BR";"BRASIL";"280000625869";"10";"13";"Terreno";"26,88% de um terreno sem benfeitorias localizado no Sítio Engenho da Serra, parte da Área I, Distrito de Riacho Grande. Adquirido em 26/08/2016. Área total de 25.564,6m², matrícula 52.506, 1. R.I. SBC";"260000,00";"17/09/2018";"19:36:12"
"27/09/2018";"19:04:45";"2018";"2";"Eleição Ordinária";"295";"Eleição Geral Federal 2018";"07/10/2018";"BR";"BR";"BRASIL";"280000625869";"16";"61";"Depósito bancário em conta corrente no País";"Bradesco, Ag. 3246, C/C 216678-9";"1,00";"17/09/2018";"19:36:12"
"27/09/2018";"19:04:45";"2018";"2";"Eleição Ordinária";"295";"Eleição Geral Federal 2018";"07/10/2018";"BR";"BR";"BRASIL";"280000625870";"3";"32";"Quotas ou quinhões de capital";"132.916 quotas da empresa KHLAP ADM. PART. LTDA.";"140446,26";"17/09/2018";"19:36:12"
"27/09/2018";"19:04:45";"2018";"2";"Eleição Ordinária";"295";"Eleição Geral Federal 2018";"07/10/2018";"BR";"BR";"BRASIL";"280000618463";"36";"17";"Benfeitorias";"BENFEITORIAS REALIZADAS NO IMÓVEL DO CONDOMÍNIO VALE DA BOA ESPERANÇA LOTE 37 E OUTROS";"124000,00";"17/09/2018";"19:07:20"
"27/09/2018";"19:04:45";"2018";"2";"Eleição Ordinária";"295";"Eleição Geral Federal 2018";"07/10/2018";"BR";"BR";"BRASIL";"280000607640";"12";"21";"Veículo automotor terrestre: caminhão, automóvel, moto, etc.";"#NULO#";"185000,00";"17/09/2018";"19:07:20"
"27/09/2018";"19:04:45";"2018";"2";"Eleição Ordinária";"295";"Eleição Geral Federal 2018";"07/10/2018";"BR";"BR";"BRASIL";"280000622281";"15";"32";"Quotas ou quinhões de capital";"#NULO#";"2914774,00";"17/09/2018";"19:07:20"
"27/09/2018";"19:04:45";"2018";"2";"Eleição Ordinária";"295";"Eleição Geral Federal 2018";"07/10/2018";"BR";"BR";"BRASIL";"280000622282";"2";"13";"Terreno";"#NULO#";"464814,45";"17/09/2018";"19:07:20"
"27/09/2018";"19:04:45";"2018";"2";"Eleição Ordinária";"295";"Eleição Geral Federal 2018";"07/10/2018";"BR";"BR";"BRASIL";"280000607640";"22";"31";"Ações (inclusive as provenientes de linha telefônica)";"#NULO#";"1298,84";"17/09/2018";"19:07:20"
"27/09/2018";"19:04:45";"2018";"2";"Eleição Ordinária";"295";"Eleição Geral Federal 2018";"07/10/2018";"BR";"BR";"BRASIL";"280000607640";"28";"32";"Quotas ou quinhões de capital";"#NULO#";"3185328,39";"17/09/2018";"19:07:20"
"27/09/2018";"19:04:45";"2018";"2";"Eleição Ordinária";"295";"Eleição Geral Federal 2018";"07/10/2018";"BR";"BR";"BRASIL";"280000607641";"5";"45";"Aplicação de renda fixa (CDB, RDB e outros)";"#NULO#";"502514,16";"17/09/2018";"19:07:20"
"27/09/2018";"19:04:45";"2018";"2";"Eleição Ordinária";"295";"Eleição Geral Federal 2018";"07/10/2018";"BR";"BR";"BRASIL";"280000618462";"1";"21";"Veículo automotor terrestre: caminhão, automóvel, moto, etc.";"BMW MODELO 320 IA CHASSI W8AEV11044KK75129 ANO 2003 MODELO 2004";"128000,00";"17/09/2018";"19:07:20"
"27/09/2018";"19:04:45";"2018";"2";"Eleição Ordinária";"295";"Eleição Geral Federal 2018";"07/10/2018";"BR";"BR";"BRASIL";"280000618462";"2";"31";"Ações (inclusive as provenientes de linha telefônica)";"BANCO DO BRASIL S/A - ACOES EM CUSTODIA ( 5.605 VALE5) (2.752 PETR4) (2.993 BBDC4).";"255399,65";"17/09/2018";"19:07:20"
"27/09/2018";"19:04:45";"2018";"2";"Eleição Ordinária";"295";"Eleição Geral Federal 2018";"07/10/2018";"BR";"BR";"BRASIL";"280000602477";"10";"61";"Depósito bancário em conta corrente no País";"Depósito bancário em conta corrente no Banco do Brasil";"18820,67";"17/09/2018";"19:07:20"
"27/09/2018";"19:04:45";"2018";"2";"Eleição Ordinária";"295";"Eleição Geral Federal 2018";"07/10/2018";"BR";"BR";"BRASIL";"280000624085";"21";"51";"Crédito decorrente de empréstimo";"#NULO#";"102282,42";"17/09/2018";"19:36:11"
"27/09/2018";"19:04:45";"2018";"2";"Eleição Ordinária";"295";"Eleição Geral Federal 2018";"07/10/2018";"BR";"BR";"BRASIL";"280000605590";"9";"99";"OUTROS BENS E DIREITOS";"PRESTACAO DE SERV. TECN. FORNECIMENTO DE MOBILIA E DECORACAO DE UNIDADES DO EMP. EDIF. COSMOPOLITAN HOME OFFICE COMPLEX.";"95012,21";"17/09/2018";"19:36:12"
"27/09/2018";"19:04:45";"2018";"2";"Eleição Ordinária";"295";"Eleição Geral Federal 2018";"07/10/2018";"BR";"BR";"BRASIL";"280000618463";"9";"25";"Jóia, quadro, objeto de arte, de coleção, antiguidade, etc.";"TAPETE PERSA. CINCO TAPETES TURCOS ADQUIRIDOS EM 2015POR VALOR TOTAL EM REAIS EQUIV A R$ 98.000,00";"99387,22";"17/09/2018";"19:07:20"
"27/09/2018";"19:04:45";"2018";"2";"Eleição Ordinária";"295";"Eleição Geral Federal 2018";"07/10/2018";"BR";"BR";"BRASIL";"280000605590";"4";"39";"Outras participações societárias";"PARTIC. SOCIET. NA EMP. ALIANÇA IMOVEIS RURAIS E AGRONEG. CONSTITUIDA EM 2012.";"1151731,00";"17/09/2018";"19:36:12"
"27/09/2018";"19:04:45";"2018";"2";"Eleição Ordinária";"295";"Eleição Geral Federal 2018";"07/10/2018";"BR";"BR";"BRASIL";"280000618463";"20";"31";"Ações (inclusive as provenientes de linha telefônica)";"74.014.2 AÇÕES DA RC EMPREENDIMENTOS AGROPECUÁRIOS S.A., CNPJ 14.922.512/0001-10, A SEGUIR DISCRIMINADAS, ADQUIRIDAS NO INVENTARIO DE NEWTON RABELLO DE CASTRO, ATRAVÉS DE ACORDO EM JUÍZO, E PAGO A: AN";"800000,00";"17/09/2018";"19:07:20"
"27/09/2018";"19:04:45";"2018";"2";"Eleição Ordinária";"295";"Eleição Geral Federal 2018";"07/10/2018";"BR";"BR";"BRASIL";"280000618463";"30";"21";"Veículo automotor terrestre: caminhão, automóvel, moto, etc.";"AUTO JAGUAR XF O KM PLACA FPF 6278 ADQUIRIDO DE AUTOSTAR COM E IMPORTADORA LTDA";"199000,00";"17/09/2018";"19:07:20"
"27/09/2018";"19:04:45";"2018";"2";"Eleição Ordinária";"295";"Eleição Geral Federal 2018";"07/10/2018";"BR";"BR";"BRASIL";"280000602501";"1";"41";"Caderneta de poupança";"#NULO#";"2321,02";"17/09/2018";"19:36:11"
"27/09/2018";"19:04:45";"2018";"2";"Eleição Ordinária";"295";"Eleição Geral Federal 2018";"07/10/2018";"BR";"BR";"BRASIL";"280000622281";"4";"15";"Sala ou conjunto";"#NULO#";"1020290,54";"17/09/2018";"19:07:20"
"27/09/2018";"19:04:45";"2018";"2";"Eleição Ordinária";"295";"Eleição Geral Federal 2018";"07/10/2018";"BR";"BR";"BRASIL";"280000607640";"5";"11";"Apartamento";"#NULO#";"1174997,45";"17/09/2018";"19:07:20"
"27/09/2018";"19:04:45";"2018";"2";"Eleição Ordinária";"295";"Eleição Geral Federal 2018";"07/10/2018";"BR";"BR";"BRASIL";"280000607640";"16";"21";"Veículo automotor terrestre: caminhão, automóvel, moto, etc.";"#NULO#";"21400,00";"17/09/2018";"19:07:20"
"27/09/2018";"19:04:45";"2018";"2";"Eleição Ordinária";"295";"Eleição Geral Federal 2018";"07/10/2018";"BR";"BR";"BRASIL";"280000602478";"23";"97";"VGBL - Vida Gerador de Benefício Livre";"Aplicação em VGBL no Banco Itaú Vida e Previdência SA";"351428,74";"17/09/2018";"19:07:20"
"27/09/2018";"19:04:45";"2018";"2";"Eleição Ordinária";"295";"Eleição Geral Federal 2018";"07/10/2018";"BR";"BR";"BRASIL";"280000624083";"3";"39";"Outras participações societárias";"#NULO#";"400000,00";"17/09/2018";"19:36:12"
"27/09/2018";"19:04:45";"2018";"2";"Eleição Ordinária";"295";"Eleição Geral Federal 2018";"07/10/2018";"BR";"BR";"BRASIL";"280000614517";"12";"32";"Quotas ou quinhões de capital";"249 cotas de Bolsorano Digital Ltda (27.516.314/0001-06)";"249,00";"17/09/2018";"19:07:20"
"27/09/2018";"19:04:45";"2018";"2";"Eleição Ordinária";"295";"Eleição Geral Federal 2018";"07/10/2018";"BR";"BR";"BRASIL";"280000614518";"4";"45";"Aplicação de renda fixa (CDB, RDB e outros)";"Fundo de Investimento BB RF LP";"147446,71";"17/09/2018";"19:07:20"
"27/09/2018";"19:04:45";"2018";"2";"Eleição Ordinária";"295";"Eleição Geral Federal 2018";"07/10/2018";"BR";"BR";"BRASIL";"280000605590";"1";"11";"Apartamento";"SUITE 1.503 NO COSMOPOLITAN HOE OFFICE, AV. SEGURADO, LT 13, CONJ 01, PALMAS, TO. ADQ. DA CANADA EMPREEND. IMOB. ";"263660,33";"17/09/2018";"19:36:12"
"27/09/2018";"19:04:45";"2018";"2";"Eleição Ordinária";"295";"Eleição Geral Federal 2018";"07/10/2018";"BR";"BR";"BRASIL";"280000624085";"2";"12";"Casa";"#NULO#";"160724,73";"17/09/2018";"19:36:11"
"27/09/2018";"19:04:45";"2018";"2";"Eleição Ordinária";"295";"Eleição Geral Federal 2018";"07/10/2018";"BR";"BR";"BRASIL";"280000624085";"27";"61";"Depósito bancário em conta corrente no País";"#NULO#";"4651,76";"17/09/2018";"19:36:11"
"27/09/2018";"19:04:45";"2018";"2";"Eleição Ordinária";"295";"Eleição Geral Federal 2018";"07/10/2018";"BR";"BR";"BRASIL";"280000624085";"20";"39";"Outras participações societárias";"#NULO#";"2500,00";"17/09/2018";"19:36:11"
"27/09/2018";"19:04:45";"2018";"2";"Eleição Ordinária";"295";"Eleição Geral Federal 2018";"07/10/2018";"BR";"BR";"BRASIL";"280000618462";"4";"41";"Caderneta de poupança";"BANCO DO BRASIL S/A - POUPANCA OURO AG. 4444-X CONTA 5399-6 ";"0,29";"17/09/2018";"19:07:20"
"27/09/2018";"19:04:45";"2018";"2";"Eleição Ordinária";"295";"Eleição Geral Federal 2018";"07/10/2018";"BR";"BR";"BRASIL";"280000618463";"25";"99";"OUTROS BENS E DIREITOS";"INTEGRALIZAÇÃO DE CAPITAL NA RC EMPREENDIMENTOS AGROPECUÁRIOS S/A (CNPJ 14.922.512/0001-10)";"135182,15";"17/09/2018";"19:07:20"
"27/09/2018";"19:04:45";"2018";"2";"Eleição Ordinária";"295";"Eleição Geral Federal 2018";"07/10/2018";"BR";"BR";"BRASIL";"280000624085";"25";"49";"Outras aplicações e Investimentos";"#NULO#";"1337225,76";"17/09/2018";"19:36:11"
"27/09/2018";"19:04:45";"2018";"2";"Eleição Ordinária";"295";"Eleição Geral Federal 2018";"07/10/2018";"BR";"BR";"BRASIL";"280000624085";"6";"17";"Benfeitorias";"#NULO#";"29883,92";"17/09/2018";"19:36:11"
"27/09/2018";"19:04:45";"2018";"2";"Eleição Ordinária";"295";"Eleição Geral Federal 2018";"07/10/2018";"BR";"BR";"BRASIL";"280000624085";"19";"39";"Outras participações societárias";"#NULO#";"35676,00";"17/09/2018";"19:36:11"
"27/09/2018";"19:04:45";"2018";"2";"Eleição Ordinária";"295";"Eleição Geral Federal 2018";"07/10/2018";"BR";"BR";"BRASIL";"280000618463";"15";"63";"Dinheiro em espécie - moeda nacional";"DINHEIRO EM ESPECIE - MOEDA NACIONAL ";"110000,00";"17/09/2018";"19:07:20"
"27/09/2018";"19:04:45";"2018";"2";"Eleição Ordinária";"295";"Eleição Geral Federal 2018";"07/10/2018";"BR";"BR";"BRASIL";"280000618463";"16";"32";"Quotas ou quinhões de capital";"48 MIL QUOTAS MACROCONSULTING";"48000,00";"17/09/2018";"19:07:20"
"27/09/2018";"19:04:45";"2018";"2";"Eleição Ordinária";"295";"Eleição Geral Federal 2018";"07/10/2018";"BR";"BR";"BRASIL";"280000605589";"10";"59";"Outros créditos e poupança vinculados";"CREDITO A RECEBER DE LUCIO FERREIRA GOMES, DECORRENTE DA VENDA DE UMA PARTE DE TERRA EQUIVALENTES A 174,2 HECTARES COMARCA DE FORQUILHA, ADQUIRIDA POR HERANCA DO ESPOLIO DE MARIA JOSE SANTOS FERREIRA.";"37477,03";"17/09/2018";"19:36:12"
"27/09/2018";"19:04:45";"2018";"2";"Eleição Ordinária";"295";"Eleição Geral Federal 2018";"07/10/2018";"BR";"BR";"BRASIL";"280000625869";"9";"13";"Terreno";"Parte ideal de 64,08%, localizado no Sítio Engenho da Serra, parte da Área I, Distrito de Riacho Grande, NIRF 67785867. Adquirido em 04/08/2016. Área total de 20.500,6m², matrícula 54.112, 1. R.I. SBC";"530000,00";"17/09/2018";"19:36:12"
"27/09/2018";"19:04:45";"2018";"2";"Eleição Ordinária";"295";"Eleição Geral Federal 2018";"07/10/2018";"BR";"BR";"BRASIL";"280000625869";"13";"71";"Fundo de Curto Prazo";"Banco do Brasil, Ag. 0301, C/C 1313131-1";"5813,55";"17/09/2018";"19:36:12"
"27/09/2018";"19:04:45";"2018";"2";"Eleição Ordinária";"295";"Eleição Geral Federal 2018";"07/10/2018";"BR";"BR";"BRASIL";"280000602501";"5";"21";"Veículo automotor terrestre: caminhão, automóvel, moto, etc.";"#NULO#";"50281,35";"17/09/2018";"19:36:11"
"27/09/2018";"19:04:45";"2018";"2";"Eleição Ordinária";"295";"Eleição Geral Federal 2018";"07/10/2018";"BR";"BR";"BRASIL";"280000601174";"1";"11";"Apartamento";"#NULO#";"100000,00";"17/09/2018";"19:36:10"
"27/09/2018";"19:04:45";"2018";"2";"Eleição Ordinária";"295";"Eleição Geral Federal 2018";"07/10/2018";"BR";"BR";"BRASIL";"280000622281";"14";"79";"Outros fundos";"#NULO#";"60000,00";"17/09/2018";"19:07:20"
"27/09/2018";"19:04:45";"2018";"2";"Eleição Ordinária";"295";"Eleição Geral Federal 2018";"07/10/2018";"BR";"BR";"BRASIL";"280000622282";"5";"19";"Outros bens imóveis";"#NULO#";"25000,00";"17/09/2018";"19:07:20"
"27/09/2018";"19:04:45";"2018";"2";"Eleição Ordinária";"295";"Eleição Geral Federal 2018";"07/10/2018";"BR";"BR";"BRASIL";"280000622281";"2";"14";"Terra nua";"#NULO#";"1,00";"17/09/2018";"19:07:20"
"27/09/2018";"19:04:45";"2018";"2";"Eleição Ordinária";"295";"Eleição Geral Federal 2018";"07/10/2018";"BR";"BR";"BRASIL";"280000622281";"5";"19";"Outros bens imóveis";"#NULO#";"26140,00";"17/09/2018";"19:07:20"
"27/09/2018";"19:04:45";"2018";"2";"Eleição Ordinária";"295";"Eleição Geral Federal 2018";"07/10/2018";"BR";"BR";"BRASIL";"280000624082";"3";"12";"Casa";"#NULO#";"1,00";"24/09/2018";"18:08:09"
"27/09/2018";"19:04:45";"2018";"2";"Eleição Ordinária";"295";"Eleição Geral Federal 2018";"07/10/2018";"BR";"BR";"BRASIL";"280000607640";"20";"61";"Depósito bancário em conta corrente no País";"#NULO#";"9402,19";"17/09/2018";"19:07:20"
"27/09/2018";"19:04:45";"2018";"2";"Eleição Ordinária";"295";"Eleição Geral Federal 2018";"07/10/2018";"BR";"BR";"BRASIL";"280000607640";"32";"15";"Sala ou conjunto";"#NULO#";"160000,00";"17/09/2018";"19:07:20"
"27/09/2018";"19:04:45";"2018";"2";"Eleição Ordinária";"295";"Eleição Geral Federal 2018";"07/10/2018";"BR";"BR";"BRASIL";"280000607640";"30";"99";"OUTROS BENS E DIREITOS";"#NULO#";"390300,00";"17/09/2018";"19:07:20"
"27/09/2018";"19:04:45";"2018";"2";"Eleição Ordinária";"295";"Eleição Geral Federal 2018";"07/10/2018";"BR";"BR";"BRASIL";"280000624085";"10";"21";"Veículo automotor terrestre: caminhão, automóvel, moto, etc.";"#NULO#";"56000,00";"17/09/2018";"19:36:11"
"27/09/2018";"19:04:45";"2018";"2";"Eleição Ordinária";"295";"Eleição Geral Federal 2018";"07/10/2018";"BR";"BR";"BRASIL";"280000624085";"11";"23";"Embarcação";"#NULO#";"7000,00";"17/09/2018";"19:36:11"
"27/09/2018";"19:04:45";"2018";"2";"Eleição Ordinária";"295";"Eleição Geral Federal 2018";"07/10/2018";"BR";"BR";"BRASIL";"280000624085";"4";"13";"Terreno";"#NULO#";"14982,71";"17/09/2018";"19:36:11"
"27/09/2018";"19:04:45";"2018";"2";"Eleição Ordinária";"295";"Eleição Geral Federal 2018";"07/10/2018";"BR";"BR";"BRASIL";"280000624085";"13";"25";"Jóia, quadro, objeto de arte, de coleção, antiguidade, etc.";"#NULO#";"4163,84";"17/09/2018";"19:36:11"
"27/09/2018";"19:04:45";"2018";"2";"Eleição Ordinária";"295";"Eleição Geral Federal 2018";"07/10/2018";"BR";"BR";"BRASIL";"280000624085";"38";"52";"Crédito decorrente de alienação";"#NULO#";"9815,00";"17/09/2018";"19:36:11"
"27/09/2018";"19:04:45";"2018";"2";"Eleição Ordinária";"295";"Eleição Geral Federal 2018";"07/10/2018";"BR";"BR";"BRASIL";"280000602477";"9";"32";"Quotas ou quinhões de capital";"80% do capital social da firma Humanitas Fórum, Palestras   Cultura Ltda.";"24000,00";"17/09/2018";"19:07:20"
"27/09/2018";"19:04:45";"2018";"2";"Eleição Ordinária";"295";"Eleição Geral Federal 2018";"07/10/2018";"BR";"BR";"BRASIL";"280000618463";"2";"13";"Terreno";"50% DOS LOTES 37, 06 - ITAIPAVA-PETRÓPOLIS ADQUIRIDOS DE VALE DA BOA ESPERANÇA AGROPECUÁRIA LTDA";"18000,00";"17/09/2018";"19:07:20"
"27/09/2018";"19:04:45";"2018";"2";"Eleição Ordinária";"295";"Eleição Geral Federal 2018";"07/10/2018";"BR";"BR";"BRASIL";"280000602478";"31";"71";"Fundo de Curto Prazo";"Aplicação em Fundo de Investimento no Banco do Brasil";"193995,66";"17/09/2018";"19:07:20"
"27/09/2018";"19:04:45";"2018";"2";"Eleição Ordinária";"295";"Eleição Geral Federal 2018";"07/10/2018";"BR";"BR";"BRASIL";"280000602477";"3";"12";"Casa";"Casa no Bairro Campo Alegre, Pindamonhangaba - SP";"52822,98";"17/09/2018";"19:07:20"
"27/09/2018";"19:04:45";"2018";"2";"Eleição Ordinária";"295";"Eleição Geral Federal 2018";"07/10/2018";"BR";"BR";"BRASIL";"280000602478";"14";"45";"Aplicação de renda fixa (CDB, RDB e outros)";"Aplicação em Fundo de Investimento no Banco do Brasil";"315396,46";"17/09/2018";"19:07:20"
"27/09/2018";"19:04:45";"2018";"2";"Eleição Ordinária";"295";"Eleição Geral Federal 2018";"07/10/2018";"BR";"BR";"BRASIL";"280000618462";"9";"61";"Depósito bancário em conta corrente no País";"JCP BANCO BRADESCO EXERCICIO 2017.";"2159,62";"17/09/2018";"19:07:20"
"27/09/2018";"19:04:45";"2018";"2";"Eleição Ordinária";"295";"Eleição Geral Federal 2018";"07/10/2018";"BR";"BR";"BRASIL";"280000614517";"15";"45";"Aplicação de renda fixa (CDB, RDB e outros)";"Banco do Brasil S/A, 4884-4 - 278.324-x - BB RF CP Estilo";"11372,37";"17/09/2018";"19:07:20"
"27/09/2018";"19:04:45";"2018";"2";"Eleição Ordinária";"295";"Eleição Geral Federal 2018";"07/10/2018";"BR";"BR";"BRASIL";"280000607640";"29";"32";"Quotas ou quinhões de capital";"#NULO#";"8547945,14";"17/09/2018";"19:07:20"
"27/09/2018";"19:04:45";"2018";"2";"Eleição Ordinária";"295";"Eleição Geral Federal 2018";"07/10/2018";"BR";"BR";"BRASIL";"280000607641";"3";"21";"Veículo automotor terrestre: caminhão, automóvel, moto, etc.";"#NULO#";"138000,00";"17/09/2018";"19:07:20"
"27/09/2018";"19:04:45";"2018";"2";"Eleição Ordinária";"295";"Eleição Geral Federal 2018";"07/10/2018";"BR";"BR";"BRASIL";"280000624082";"7";"32";"Quotas ou quinhões de capital";"#NULO#";"1189648,90";"24/09/2018";"18:08:09"
"27/09/2018";"19:04:45";"2018";"2";"Eleição Ordinária";"295";"Eleição Geral Federal 2018";"07/10/2018";"BR";"BR";"BRASIL";"280000607640";"31";"51";"Crédito decorrente de empréstimo";"#NULO#";"780000,00";"17/09/2018";"19:07:20"
"27/09/2018";"19:04:45";"2018";"2";"Eleição Ordinária";"295";"Eleição Geral Federal 2018";"07/10/2018";"BR";"BR";"BRASIL";"280000607640";"24";"72";"Fundo de Longo Prazo e Fundo de Investimentos em Direitos Creditórios (FIDC)";"#NULO#";"44267410,59";"17/09/2018";"19:07:20"
"27/09/2018";"19:04:45";"2018";"2";"Eleição Ordinária";"295";"Eleição Geral Federal 2018";"07/10/2018";"BR";"BR";"BRASIL";"280000614517";"2";"12";"Casa";"Imóvel na Av. Lúcio Costa, 3.100, Casa 56, Barra da Tijuca, Rio de Janeiro/RJ";"400000,00";"17/09/2018";"19:07:20"
"27/09/2018";"19:04:45";"2018";"2";"Eleição Ordinária";"295";"Eleição Geral Federal 2018";"07/10/2018";"BR";"BR";"BRASIL";"280000614517";"3";"12";"Casa";"Imóvel na SQSW 102, Bloco C, Apartamento 604, Residencial Rio Madeira, Brasília/DF";"240930,00";"17/09/2018";"19:07:20"
"27/09/2018";"19:04:45";"2018";"2";"Eleição Ordinária";"295";"Eleição Geral Federal 2018";"07/10/2018";"BR";"BR";"BRASIL";"280000605590";"6";"39";"Outras participações societárias";"PARTIC. SOCIET. NA EMP. ALIANÇA PONTE ALTA IMOVEIS RURAIS E AGRONEG. CONSTITUIDA EM 2012.";"200,00";"17/09/2018";"19:36:12"
"27/09/2018";"19:04:45";"2018";"2";"Eleição Ordinária";"295";"Eleição Geral Federal 2018";"07/10/2018";"BR";"BR";"BRASIL";"280000624085";"1";"12";"Casa";"#NULO#";"89892,24";"17/09/2018";"19:36:11"
"27/09/2018";"19:04:45";"2018";"2";"Eleição Ordinária";"295";"Eleição Geral Federal 2018";"07/10/2018";"BR";"BR";"BRASIL";"280000624085";"33";"61";"Depósito bancário em conta corrente no País";"#NULO#";"5086,73";"17/09/2018";"19:36:11"
"27/09/2018";"19:04:45";"2018";"2";"Eleição Ordinária";"295";"Eleição Geral Federal 2018";"07/10/2018";"BR";"BR";"BRASIL";"280000602478";"28";"11";"Apartamento";"Apartamento no Residencial Ise Schafer, Canela - RS";"190520,00";"17/09/2018";"19:07:20"
"27/09/2018";"19:04:45";"2018";"2";"Eleição Ordinária";"295";"Eleição Geral Federal 2018";"07/10/2018";"BR";"BR";"BRASIL";"280000601016";"1";"21";"Veículo automotor terrestre: caminhão, automóvel, moto, etc.";"#NULO#";"15416,00";"17/09/2018";"19:07:20"
"27/09/2018";"19:04:45";"2018";"2";"Eleição Ordinária";"295";"Eleição Geral Federal 2018";"07/10/2018";"BR";"BR";"BRASIL";"280000602477";"13";"97";"VGBL - Vida Gerador de Benefício Livre";"Fundo de Investimento no Banco do Brasil";"391485,19";"17/09/2018";"19:07:20"
"27/09/2018";"19:04:45";"2018";"2";"Eleição Ordinária";"295";"Eleição Geral Federal 2018";"07/10/2018";"BR";"BR";"BRASIL";"280000602477";"14";"61";"Depósito bancário em conta corrente no País";"Depósito bancário em conta corrente no Banco do Brasil";"15000,00";"17/09/2018";"19:07:20"
"27/09/2018";"19:04:45";"2018";"2";"Eleição Ordinária";"295";"Eleição Geral Federal 2018";"07/10/2018";"BR";"BR";"BRASIL";"280000602478";"19";"61";"Depósito bancário em conta corrente no País";"Saldo em conta corrente no Banco Itaú";"10,00";"17/09/2018";"19:07:20"
"27/09/2018";"19:04:45";"2018";"2";"Eleição Ordinária";"295";"Eleição Geral Federal 2018";"07/10/2018";"BR";"BR";"BRASIL";"280000602478";"9";"61";"Depósito bancário em conta corrente no País";"Saldo em conta corrente na CEF";"604,84";"17/09/2018";"19:07:20"
"27/09/2018";"19:04:45";"2018";"2";"Eleição Ordinária";"295";"Eleição Geral Federal 2018";"07/10/2018";"BR";"BR";"BRASIL";"280000625869";"19";"97";"VGBL - Vida Gerador de Benefício Livre";"BrasilPrev Seguros e Previdência AS ¿ Prêmios acumulados em VGBL";"6300000,00";"17/09/2018";"19:36:12"
"27/09/2018";"19:04:45";"2018";"2";"Eleição Ordinária";"295";"Eleição Geral Federal 2018";"07/10/2018";"BR";"BR";"BRASIL";"280000622282";"9";"49";"Outras aplicações e Investimentos";"#NULO#";"282000,00";"17/09/2018";"19:07:20"
"27/09/2018";"19:04:45";"2018";"2";"Eleição Ordinária";"295";"Eleição Geral Federal 2018";"07/10/2018";"BR";"BR";"BRASIL";"280000624082";"1";"13";"Terreno";"#NULO#";"90000,00";"24/09/2018";"18:08:09"
"27/09/2018";"19:04:45";"2018";"2";"Eleição Ordinária";"295";"Eleição Geral Federal 2018";"07/10/2018";"BR";"BR";"BRASIL";"280000624082";"5";"32";"Quotas ou quinhões de capital";"#NULO#";"5824322,76";"24/09/2018";"18:08:09"
"27/09/2018";"19:04:45";"2018";"2";"Eleição Ordinária";"295";"Eleição Geral Federal 2018";"07/10/2018";"BR";"BR";"BRASIL";"280000622282";"8";"45";"Aplicação de renda fixa (CDB, RDB e outros)";"#NULO#";"986470,11";"17/09/2018";"19:07:20"
"27/09/2018";"19:04:45";"2018";"2";"Eleição Ordinária";"295";"Eleição Geral Federal 2018";"07/10/2018";"BR";"BR";"BRASIL";"280000607641";"11";"51";"Crédito decorrente de empréstimo";"#NULO#";"280000,00";"17/09/2018";"19:07:20"
"27/09/2018";"19:04:45";"2018";"2";"Eleição Ordinária";"295";"Eleição Geral Federal 2018";"07/10/2018";"BR";"BR";"BRASIL";"280000622171";"2";"32";"Quotas ou quinhões de capital";"Capital da Firma Individual M O M Da S. V. de Lima CNPJ 13.472.454/0001/-07";"5000,00";"17/09/2018";"19:07:20"
"27/09/2018";"19:04:45";"2018";"2";"Eleição Ordinária";"295";"Eleição Geral Federal 2018";"07/10/2018";"BR";"BR";"BRASIL";"280000622171";"3";"61";"Depósito bancário em conta corrente no País";"Depósito em conta corrente no Banco do Brasil";"293,24";"17/09/2018";"19:07:20"
"27/09/2018";"19:04:45";"2018";"2";"Eleição Ordinária";"295";"Eleição Geral Federal 2018";"07/10/2018";"BR";"BR";"BRASIL";"280000622171";"5";"19";"Outros bens imóveis";"Seis lotes na chácara SHADA II, área total de 16.197m, situado em Rio Branco - AC";"42481,50";"17/09/2018";"19:07:20"
"27/09/2018";"19:04:45";"2018";"2";"Eleição Ordinária";"295";"Eleição Geral Federal 2018";"07/10/2018";"BR";"BR";"BRASIL";"280000614517";"7";"21";"Veículo automotor terrestre: caminhão, automóvel, moto, etc.";"Microonibus Mercedes Benz Sprinter 313, ano 2004";"89000,00";"17/09/2018";"19:07:20"
"27/09/2018";"19:04:45";"2018";"2";"Eleição Ordinária";"295";"Eleição Geral Federal 2018";"07/10/2018";"BR";"BR";"BRASIL";"280000605590";"10";"13";"Terreno";"TERRENO EM ILHEUS, QD. N, LT 02, ADQ DA EMP. IMOBILIARIOS ";"24494,02";"17/09/2018";"19:36:12"
"27/09/2018";"19:04:45";"2018";"2";"Eleição Ordinária";"295";"Eleição Geral Federal 2018";"07/10/2018";"BR";"BR";"BRASIL";"280000614518";"3";"41";"Caderneta de poupança";"Poupança Ouro - Banco do Brasil S/A";"2023,33";"17/09/2018";"19:07:20"
"27/09/2018";"19:04:45";"2018";"2";"Eleição Ordinária";"295";"Eleição Geral Federal 2018";"07/10/2018";"BR";"BR";"BRASIL";"280000605590";"8";"41";"Caderneta de poupança";"POUPACA BANCO DO BRASIL AG. 1505-9";"296,90";"17/09/2018";"19:36:12"
"27/09/2018";"19:04:45";"2018";"2";"Eleição Ordinária";"295";"Eleição Geral Federal 2018";"07/10/2018";"BR";"BR";"BRASIL";"280000618463";"12";"32";"Quotas ou quinhões de capital";"QUOTAS DA SR RATING, TRANSFORMADAS EM 5883 QUOTAS DA SR RATING/DUFF  PHELPS. EM 2008, POR DECISÃO JUDICIAL DEFINITIVA, DUFF   PHELPS SE RETIRA DA SOCIEDADE, QUE PASSA A CHAMAR-SE SR RATING PRESTAÇÃO D";"6287,00";"17/09/2018";"19:07:20"
"27/09/2018";"19:04:45";"2018";"2";"Eleição Ordinária";"295";"Eleição Geral Federal 2018";"07/10/2018";"BR";"BR";"BRASIL";"280000602477";"6";"19";"Outros bens imóveis";"1/3 do imóvel rural espólio de seu pai, Geraldo José Rodrigues Alckmin, conforme inventário";"20000,00";"17/09/2018";"19:07:20"
"27/09/2018";"19:04:45";"2018";"2";"Eleição Ordinária";"295";"Eleição Geral Federal 2018";"07/10/2018";"BR";"BR";"BRASIL";"280000602478";"22";"45";"Aplicação de renda fixa (CDB, RDB e outros)";"Aplicação em CDB no Banco do Brasil";"1252,24";"17/09/2018";"19:07:20"
"27/09/2018";"19:04:45";"2018";"2";"Eleição Ordinária";"295";"Eleição Geral Federal 2018";"07/10/2018";"BR";"BR";"BRASIL";"280000605590";"11";"51";"Crédito decorrente de empréstimo";"EMPRESTIMO EM FAVOR DE MOISES PINTO GOMES";"574500,00";"17/09/2018";"19:36:12"
"27/09/2018";"19:04:45";"2018";"2";"Eleição Ordinária";"295";"Eleição Geral Federal 2018";"07/10/2018";"BR";"BR";"BRASIL";"280000624085";"5";"13";"Terreno";"#NULO#";"3901,98";"17/09/2018";"19:36:11"
"27/09/2018";"19:04:45";"2018";"2";"Eleição Ordinária";"295";"Eleição Geral Federal 2018";"07/10/2018";"BR";"BR";"BRASIL";"280000624085";"36";"45";"Aplicação de renda fixa (CDB, RDB e outros)";"#NULO#";"17252,63";"17/09/2018";"19:36:11"
"27/09/2018";"19:04:45";"2018";"2";"Eleição Ordinária";"295";"Eleição Geral Federal 2018";"07/10/2018";"BR";"BR";"BRASIL";"280000602478";"3";"71";"Fundo de Curto Prazo";"Fundo de Investimento na CEF";"11447,07";"17/09/2018";"19:07:20"
"27/09/2018";"19:04:45";"2018";"2";"Eleição Ordinária";"295";"Eleição Geral Federal 2018";"07/10/2018";"BR";"BR";"BRASIL";"280000618462";"6";"39";"Outras participações societárias";"CAD TRADE E EMPREENDIMENTOS LTDA - CNPJ 01.339.188/0001-60 ";"560000,00";"17/09/2018";"19:07:20"
"27/09/2018";"19:04:45";"2018";"2";"Eleição Ordinária";"295";"Eleição Geral Federal 2018";"07/10/2018";"BR";"BR";"BRASIL";"280000625870";"2";"12";"Casa";"26,3699% da casa situada na Av. Afonso Mariano Fagundes, 1019";"183000,00";"17/09/2018";"19:36:12"
"27/09/2018";"19:04:45";"2018";"2";"Eleição Ordinária";"295";"Eleição Geral Federal 2018";"07/10/2018";"BR";"BR";"BRASIL";"280000602501";"3";"11";"Apartamento";"#NULO#";"94503,19";"17/09/2018";"19:36:11"
"27/09/2018";"19:04:45";"2018";"2";"Eleição Ordinária";"295";"Eleição Geral Federal 2018";"07/10/2018";"BR";"BR";"BRASIL";"280000618463";"38";"61";"Depósito bancário em conta corrente no País";"RENDA FIXA PRS FICFI NO ITAU UNIBANCO";"121765,19";"17/09/2018";"19:07:20"
"27/09/2018";"19:04:45";"2018";"2";"Eleição Ordinária";"295";"Eleição Geral Federal 2018";"07/10/2018";"BR";"BR";"BRASIL";"280000618463";"35";"21";"Veículo automotor terrestre: caminhão, automóvel, moto, etc.";"AUTOMÓVEL TOYOTA COROLLA 2016 ";"77700,00";"17/09/2018";"19:07:20"
"27/09/2018";"19:04:45";"2018";"2";"Eleição Ordinária";"295";"Eleição Geral Federal 2018";"07/10/2018";"BR";"BR";"BRASIL";"280000629807";"2";"71";"Fundo de Curto Prazo";"#NULO#";"4590,85";"26/09/2018";"10:55:07"
"27/09/2018";"19:04:45";"2018";"2";"Eleição Ordinária";"295";"Eleição Geral Federal 2018";"07/10/2018";"BR";"BR";"BRASIL";"280000622282";"10";"63";"Dinheiro em espécie - moeda nacional";"#NULO#";"80000,00";"17/09/2018";"19:07:20"
"27/09/2018";"19:04:45";"2018";"2";"Eleição Ordinária";"295";"Eleição Geral Federal 2018";"07/10/2018";"BR";"BR";"BRASIL";"280000622282";"4";"29";"Outros bens móveis";"#NULO#";"67500,00";"17/09/2018";"19:07:20"
"27/09/2018";"19:04:45";"2018";"2";"Eleição Ordinária";"295";"Eleição Geral Federal 2018";"07/10/2018";"BR";"BR";"BRASIL";"280000624083";"2";"32";"Quotas ou quinhões de capital";"#NULO#";"600000,00";"17/09/2018";"19:36:12"
"27/09/2018";"19:04:45";"2018";"2";"Eleição Ordinária";"295";"Eleição Geral Federal 2018";"07/10/2018";"BR";"BR";"BRASIL";"280000607640";"10";"15";"Sala ou conjunto";"#NULO#";"24800,00";"17/09/2018";"19:07:20"
"27/09/2018";"19:04:45";"2018";"2";"Eleição Ordinária";"295";"Eleição Geral Federal 2018";"07/10/2018";"BR";"BR";"BRASIL";"280000607641";"7";"97";"VGBL - Vida Gerador de Benefício Livre";"#NULO#";"123395,42";"17/09/2018";"19:07:20"
"27/09/2018";"19:04:45";"2018";"2";"Eleição Ordinária";"295";"Eleição Geral Federal 2018";"07/10/2018";"BR";"BR";"BRASIL";"280000607641";"10";"61";"Depósito bancário em conta corrente no País";"#NULO#";"5000,79";"17/09/2018";"19:07:20"
"27/09/2018";"19:04:45";"2018";"2";"Eleição Ordinária";"295";"Eleição Geral Federal 2018";"07/10/2018";"BR";"BR";"BRASIL";"280000622281";"11";"45";"Aplicação de renda fixa (CDB, RDB e outros)";"#NULO#";"223902,43";"17/09/2018";"19:07:20"
"27/09/2018";"19:04:45";"2018";"2";"Eleição Ordinária";"295";"Eleição Geral Federal 2018";"07/10/2018";"BR";"BR";"BRASIL";"280000622171";"1";"12";"Casa";"Casa situada em Rio Branco - AC, com endereço sito à Rua 14 de junho , 98, Bairro São Francisco";"60000,00";"17/09/2018";"19:07:20"
"27/09/2018";"19:04:45";"2018";"2";"Eleição Ordinária";"295";"Eleição Geral Federal 2018";"07/10/2018";"BR";"BR";"BRASIL";"280000602478";"29";"29";"Outros bens móveis";"Valor a receber a título de empréstimo de pessoa física";"20000,00";"17/09/2018";"19:07:20"
"27/09/2018";"19:04:45";"2018";"2";"Eleição Ordinária";"295";"Eleição Geral Federal 2018";"07/10/2018";"BR";"BR";"BRASIL";"280000602478";"30";"29";"Outros bens móveis";"Valor a receber a título de empréstimo de pessoa física";"10000,00";"17/09/2018";"19:07:20"
"27/09/2018";"19:04:45";"2018";"2";"Eleição Ordinária";"295";"Eleição Geral Federal 2018";"07/10/2018";"BR";"BR";"BRASIL";"280000622171";"4";"41";"Caderneta de poupança";"Depósito em conta corrente no Banco do Brasil";"3900,52";"17/09/2018";"19:07:20"
"27/09/2018";"19:04:45";"2018";"2";"Eleição Ordinária";"295";"Eleição Geral Federal 2018";"07/10/2018";"BR";"BR";"BRASIL";"280000614517";"8";"21";"Veículo automotor terrestre: caminhão, automóvel, moto, etc.";"Land Rover Freelander 2 SE, 2009/2010, placa EMW5327";"50000,00";"17/09/2018";"19:07:20"
"27/09/2018";"19:04:45";"2018";"2";"Eleição Ordinária";"295";"Eleição Geral Federal 2018";"07/10/2018";"BR";"BR";"BRASIL";"280000605590";"7";"39";"Outras participações societárias";"PARTIC. SOCIET. NA EMP. ABREU E SILVESTRE HOTELARIA. CONSTITUIDA EM 2012.";"150000,00";"17/09/2018";"19:36:12"
"27/09/2018";"19:04:45";"2018";"2";"Eleição Ordinária";"295";"Eleição Geral Federal 2018";"07/10/2018";"BR";"BR";"BRASIL";"280000605589";"1";"11";"Apartamento";"APART. AV. HISTORIADOR RAIMUNDO GIRAO, 700/2302, PRAIA DE IRACEMA, FORTALEZA, CE, ADQUIRIDO DA CONSTRUTORA ESTRELA. BENFEITORIAS NO VALOR TOTAL DE R$ 122.125,66.";"381202,90";"17/09/2018";"19:36:12"
"27/09/2018";"19:04:45";"2018";"2";"Eleição Ordinária";"295";"Eleição Geral Federal 2018";"07/10/2018";"BR";"BR";"BRASIL";"280000614517";"13";"41";"Caderneta de poupança";"Banco do Brasil S/A, 4884-4 - 010.268.324-7 - Poupança";"481836,05";"17/09/2018";"19:07:20"
"27/09/2018";"19:04:45";"2018";"2";"Eleição Ordinária";"295";"Eleição Geral Federal 2018";"07/10/2018";"BR";"BR";"BRASIL";"280000624085";"32";"51";"Crédito decorrente de empréstimo";"#NULO#";"5000,00";"17/09/2018";"19:36:11"
"27/09/2018";"19:04:45";"2018";"2";"Eleição Ordinária";"295";"Eleição Geral Federal 2018";"07/10/2018";"BR";"BR";"BRASIL";"280000624085";"7";"17";"Benfeitorias";"#NULO#";"9104,38";"17/09/2018";"19:36:11"
"27/09/2018";"19:04:45";"2018";"2";"Eleição Ordinária";"295";"Eleição Geral Federal 2018";"07/10/2018";"BR";"BR";"BRASIL";"280000624085";"9";"21";"Veículo automotor terrestre: caminhão, automóvel, moto, etc.";"#NULO#";"12160,00";"17/09/2018";"19:36:11"
"27/09/2018";"19:04:45";"2018";"2";"Eleição Ordinária";"295";"Eleição Geral Federal 2018";"07/10/2018";"BR";"BR";"BRASIL";"280000602477";"11";"31";"Ações (inclusive as provenientes de linha telefônica)";"Ações da CSN-CSNA3-[600]";"5010,00";"17/09/2018";"19:07:20"
"27/09/2018";"19:04:45";"2018";"2";"Eleição Ordinária";"295";"Eleição Geral Federal 2018";"07/10/2018";"BR";"BR";"BRASIL";"280000625869";"18";"41";"Caderneta de poupança";"CEF, Ag. 1207, Magnólia, C/C 01.101.698-5";"3866,99";"17/09/2018";"19:36:12"
"27/09/2018";"19:04:45";"2018";"2";"Eleição Ordinária";"295";"Eleição Geral Federal 2018";"07/10/2018";"BR";"BR";"BRASIL";"280000625869";"2";"11";"Apartamento";"[Ed. Kentucky] Av. Getúlio Vargas, 405, 9. andar, ap. 92, SBC-SP, CEP 09751-250. Adquirido em 25/09/2001. Área total de 131,5m², matrícula 82.027, 1. R.I. SBC-SP";"38334,67";"17/09/2018";"19:36:12"
"27/09/2018";"19:04:45";"2018";"2";"Eleição Ordinária";"295";"Eleição Geral Federal 2018";"07/10/2018";"BR";"BR";"BRASIL";"280000618463";"29";"14";"Terra nua";"ÁREA RURAL 035 COM 7,58 HECTARES, MATRICULA NO 104.000, FOLHA 045, SITUADO NO LUGAR DENOMINADO ECOVILLE II , NO MUNICÍPIO DE CUIABÁ-MT.CARTORIO DO 6O REGISTRO DE IMOVEIS,LIVRO NO 1038, FOLHAS 044, PRO";"80000,00";"17/09/2018";"19:07:20"
"27/09/2018";"19:04:45";"2018";"2";"Eleição Ordinária";"295";"Eleição Geral Federal 2018";"07/10/2018";"BR";"BR";"BRASIL";"280000618463";"39";"61";"Depósito bancário em conta corrente no País";"DEP A VISTA NO ITAU UNIBANCO";"10,00";"17/09/2018";"19:07:20"
"27/09/2018";"19:04:45";"2018";"2";"Eleição Ordinária";"295";"Eleição Geral Federal 2018";"07/10/2018";"BR";"BR";"BRASIL";"280000601173";"1";"13";"Terreno";"#NULO#";"20000,00";"17/09/2018";"19:36:10"
"27/09/2018";"19:04:45";"2018";"2";"Eleição Ordinária";"295";"Eleição Geral Federal 2018";"07/10/2018";"BR";"BR";"BRASIL";"280000607640";"6";"11";"Apartamento";"#NULO#";"1045000,00";"17/09/2018";"19:07:20"
"27/09/2018";"19:04:45";"2018";"2";"Eleição Ordinária";"295";"Eleição Geral Federal 2018";"07/10/2018";"BR";"BR";"BRASIL";"280000629808";"3";"61";"Depósito bancário em conta corrente no País";"#NULO#";"15004,83";"26/09/2018";"10:52:17"
"27/09/2018";"19:04:45";"2018";"2";"Eleição Ordinária";"295";"Eleição Geral Federal 2018";"07/10/2018";"BR";"BR";"BRASIL";"280000624083";"4";"41";"Caderneta de poupança";"#NULO#";"42000,00";"17/09/2018";"19:36:12"
"27/09/2018";"19:04:45";"2018";"2";"Eleição Ordinária";"295";"Eleição Geral Federal 2018";"07/10/2018";"BR";"BR";"BRASIL";"280000622282";"1";"11";"Apartamento";"#NULO#";"1350332,35";"17/09/2018";"19:07:20"
"27/09/2018";"19:04:45";"2018";"2";"Eleição Ordinária";"295";"Eleição Geral Federal 2018";"07/10/2018";"BR";"BR";"BRASIL";"280000607640";"19";"92";"Título de clube e assemelhado";"#NULO#";"10358,89";"17/09/2018";"19:07:20"
"27/09/2018";"19:04:45";"2018";"2";"Eleição Ordinária";"295";"Eleição Geral Federal 2018";"07/10/2018";"BR";"BR";"BRASIL";"280000622172";"1";"12";"Casa";"CASA - CONDOMINIO CARMEL - SAO SEBASTIAO SP - ADQUIRIDO EM 1989 Inscrição Municipal (IPTU): 3133241236700010000 Brasil Rua Onofre Francisco de Oliveira N.: 75 C";"250000,00";"17/09/2018";"19:07:20"
"27/09/2018";"19:04:45";"2018";"2";"Eleição Ordinária";"295";"Eleição Geral Federal 2018";"07/10/2018";"BR";"BR";"BRASIL";"280000614517";"16";"41";"Caderneta de poupança";"Banco do Brasil S/A, 4884-4 - 960.268.324-x - Poupança";"5107,82";"17/09/2018";"19:07:20"
"27/09/2018";"19:04:45";"2018";"2";"Eleição Ordinária";"295";"Eleição Geral Federal 2018";"07/10/2018";"BR";"BR";"BRASIL";"280000614517";"4";"12";"Casa";"Imóvel na Rua das Flores, 411, Vila Histórica de Mambucaba, Angra dos Reis/RJ";"98500,00";"17/09/2018";"19:07:20"
"27/09/2018";"19:04:45";"2018";"2";"Eleição Ordinária";"295";"Eleição Geral Federal 2018";"07/10/2018";"BR";"BR";"BRASIL";"280000614517";"1";"12";"Casa";"Imóvel na Av. Lúcio Costa, 3.100, Casa 36, Barra da Tijuca, Rio de Janeiro/RJ";"603803,54";"17/09/2018";"19:07:20"
"27/09/2018";"19:04:45";"2018";"2";"Eleição Ordinária";"295";"Eleição Geral Federal 2018";"07/10/2018";"BR";"BR";"BRASIL";"280000602477";"16";"97";"VGBL - Vida Gerador de Benefício Livre";"Depósito bancário em conta corrente no Banco Santander Banespa SA";"80000,00";"17/09/2018";"19:07:20"
"27/09/2018";"19:04:45";"2018";"2";"Eleição Ordinária";"295";"Eleição Geral Federal 2018";"07/10/2018";"BR";"BR";"BRASIL";"280000624085";"30";"59";"Outros créditos e poupança vinculados";"#NULO#";"117,96";"17/09/2018";"19:36:11"
"27/09/2018";"19:04:45";"2018";"2";"Eleição Ordinária";"295";"Eleição Geral Federal 2018";"07/10/2018";"BR";"BR";"BRASIL";"280000618463";"11";"25";"Jóia, quadro, objeto de arte, de coleção, antiguidade, etc.";"JOIAS DIVERSAS ";"96000,00";"17/09/2018";"19:07:20"
"27/09/2018";"19:04:45";"2018";"2";"Eleição Ordinária";"295";"Eleição Geral Federal 2018";"07/10/2018";"BR";"BR";"BRASIL";"280000602478";"20";"11";"Apartamento";"Apartamento no SHIN CA 05, Brasília - DF";"596350,91";"17/09/2018";"19:07:20"
"27/09/2018";"19:04:45";"2018";"2";"Eleição Ordinária";"295";"Eleição Geral Federal 2018";"07/10/2018";"BR";"BR";"BRASIL";"280000624085";"24";"21";"Veículo automotor terrestre: caminhão, automóvel, moto, etc.";"#NULO#";"142500,00";"17/09/2018";"19:36:11"
"27/09/2018";"19:04:45";"2018";"2";"Eleição Ordinária";"295";"Eleição Geral Federal 2018";"07/10/2018";"BR";"BR";"BRASIL";"280000602478";"8";"61";"Depósito bancário em conta corrente no País";"Saldo em conta corrente no Banco Banrisul SA";"1,00";"17/09/2018";"19:07:20"
"27/09/2018";"19:04:45";"2018";"2";"Eleição Ordinária";"295";"Eleição Geral Federal 2018";"07/10/2018";"BR";"BR";"BRASIL";"280000605589";"14";"61";"Depósito bancário em conta corrente no País";"CONTA CORRENTE BANCO DO BRASIL, AG. 5110-1, CONTA 5007-5, PARA DESPESAS CORRENTES A SEREM PAGAS POR MARIA LUIZA GURGEL SERPA.";"466,72";"17/09/2018";"19:36:12"
"27/09/2018";"19:04:45";"2018";"2";"Eleição Ordinária";"295";"Eleição Geral Federal 2018";"07/10/2018";"BR";"BR";"BRASIL";"280000618462";"10";"49";"Outras aplicações e Investimentos";"JCP VALE S/A EXERCÍCIO 2017 ";"2000,56";"17/09/2018";"19:07:20"
"27/09/2018";"19:04:45";"2018";"2";"Eleição Ordinária";"295";"Eleição Geral Federal 2018";"07/10/2018";"BR";"BR";"BRASIL";"280000625869";"7";"21";"Veículo automotor terrestre: caminhão, automóvel, moto, etc.";"Ford Ranger LTD CD4 32, ano 2013, adquirido em 12/04/2013. RENAVAM 00534928153";"96950,00";"17/09/2018";"19:36:12"
"27/09/2018";"19:04:45";"2018";"2";"Eleição Ordinária";"295";"Eleição Geral Federal 2018";"07/10/2018";"BR";"BR";"BRASIL";"280000625869";"6";"32";"Quotas ou quinhões de capital";"98% do capital social de L.I.L.S. Paletras, Eventos e Publicações Ltda., CNPJ 13.427.330/0001-00, constituída em 18/03/2011. NIRE/JUCESP 35225293039";"98000,00";"17/09/2018";"19:36:12"
"27/09/2018";"19:04:45";"2018";"2";"Eleição Ordinária";"295";"Eleição Geral Federal 2018";"07/10/2018";"BR";"BR";"BRASIL";"280000618463";"31";"49";"Outras aplicações e Investimentos";"THE QUARTET VENTURES, EMPRESA DE INVESTIMENTO PRODUTIVO SEDIADA EM BVI COM CAPITAL INTEGRALIZADO DE US$1POR ACAO NO TOTAL DE 50.000 ACOES";"190000,00";"17/09/2018";"19:07:20"
"27/09/2018";"19:04:45";"2018";"2";"Eleição Ordinária";"295";"Eleição Geral Federal 2018";"07/10/2018";"BR";"BR";"BRASIL";"280000625869";"15";"61";"Depósito bancário em conta corrente no País";"Banco do Brasil. Agência 4883, C/C, CC 1313-7";"16993,25";"17/09/2018";"19:36:12"
"27/09/2018";"19:04:45";"2018";"2";"Eleição Ordinária";"295";"Eleição Geral Federal 2018";"07/10/2018";"BR";"BR";"BRASIL";"280000618463";"23";"15";"Sala ou conjunto";"SALA COMERCIAL CONJ 101 A RUA JAMES JOULE, 92 - NO EDIFÍCIO PLAZA- NAÇÕES UNIDAS - BROOKLIN NOVO, SAO PAULO, SP ADQUIRIDA EM 18 DE DEZEMBRO DE 2009 DE MC FRANCO EMPREENDIMENTOS IMOBILIÁRIOS LTDA PELO ";"2155116,00";"17/09/2018";"19:07:20"
"27/09/2018";"19:04:45";"2018";"2";"Eleição Ordinária";"295";"Eleição Geral Federal 2018";"07/10/2018";"BR";"BR";"BRASIL";"280000602501";"2";"61";"Depósito bancário em conta corrente no País";"#NULO#";"1895,87";"17/09/2018";"19:36:11"
"27/09/2018";"19:04:45";"2018";"2";"Eleição Ordinária";"295";"Eleição Geral Federal 2018";"07/10/2018";"BR";"BR";"BRASIL";"280000618463";"37";"61";"Depósito bancário em conta corrente no País";"RDB /CDB NO ITAU UNIBANCO";"63543,68";"17/09/2018";"19:07:20"
"27/09/2018";"19:04:45";"2018";"2";"Eleição Ordinária";"295";"Eleição Geral Federal 2018";"07/10/2018";"BR";"BR";"BRASIL";"280000607640";"14";"21";"Veículo automotor terrestre: caminhão, automóvel, moto, etc.";"#NULO#";"144600,00";"17/09/2018";"19:07:20"
"27/09/2018";"19:04:45";"2018";"2";"Eleição Ordinária";"295";"Eleição Geral Federal 2018";"07/10/2018";"BR";"BR";"BRASIL";"280000622281";"6";"25";"Jóia, quadro, objeto de arte, de coleção, antiguidade, etc.";"#NULO#";"917287,33";"17/09/2018";"19:07:20"
"27/09/2018";"19:04:45";"2018";"2";"Eleição Ordinária";"295";"Eleição Geral Federal 2018";"07/10/2018";"BR";"BR";"BRASIL";"280000622281";"7";"92";"Título de clube e assemelhado";"#NULO#";"199800,00";"17/09/2018";"19:07:20"
"27/09/2018";"19:04:45";"2018";"2";"Eleição Ordinária";"295";"Eleição Geral Federal 2018";"07/10/2018";"BR";"BR";"BRASIL";"280000624082";"2";"32";"Quotas ou quinhões de capital";"#NULO#";"1487061,13";"24/09/2018";"18:08:09"
"27/09/2018";"19:04:45";"2018";"2";"Eleição Ordinária";"295";"Eleição Geral Federal 2018";"07/10/2018";"BR";"BR";"BRASIL";"280000622171";"6";"45";"Aplicação de renda fixa (CDB, RDB e outros)";"Aplicação no Bradesco (CNPJ 60.746.948/0001-12)";"7159,87";"17/09/2018";"19:07:20"
"27/09/2018";"19:04:45";"2018";"2";"Eleição Ordinária";"295";"Eleição Geral Federal 2018";"07/10/2018";"BR";"BR";"BRASIL";"280000607640";"33";"15";"Sala ou conjunto";"#NULO#";"160000,00";"17/09/2018";"19:07:20"
"27/09/2018";"19:04:45";"2018";"2";"Eleição Ordinária";"295";"Eleição Geral Federal 2018";"07/10/2018";"BR";"BR";"BRASIL";"280000602478";"4";"13";"Terreno";"Terreno urbano n. 8, com 360m² na Rua José Castellano, s/n, qd. 6, Lagoa Vermelha - RS";"15000,00";"17/09/2018";"19:07:20"
"27/09/2018";"19:04:45";"2018";"2";"Eleição Ordinária";"295";"Eleição Geral Federal 2018";"07/10/2018";"BR";"BR";"BRASIL";"280000614517";"5";"12";"Casa";"Imóvel na Rua Divisória, 30, Casa XV, Bento Ribeiro, Rio de Janeiro/RJ";"40000,00";"17/09/2018";"19:07:20"
"27/09/2018";"19:04:45";"2018";"2";"Eleição Ordinária";"295";"Eleição Geral Federal 2018";"07/10/2018";"BR";"BR";"BRASIL";"280000614517";"9";"21";"Veículo automotor terrestre: caminhão, automóvel, moto, etc.";"Toyota Corolla XEI, 2014/2015, placa PAB3671";"50000,00";"17/09/2018";"19:07:20"
"27/09/2018";"19:04:45";"2018";"2";"Eleição Ordinária";"295";"Eleição Geral Federal 2018";"07/10/2018";"BR";"BR";"BRASIL";"280000602478";"5";"45";"Aplicação de renda fixa (CDB, RDB e outros)";"Aplicação em CDB no Banco Itaú SA";"11517,87";"17/09/2018";"19:07:20"
"27/09/2018";"19:04:45";"2018";"2";"Eleição Ordinária";"295";"Eleição Geral Federal 2018";"07/10/2018";"BR";"BR";"BRASIL";"280000605589";"12";"69";"Outros depósitos à vista e numerário";"VALORES NA POSSE DA SRA. MARIA LUIZA GURGEL SERPA, PARA PAGAMENTO DE DESPESAS CORRENTES DO DECLARANTE.";"65624,94";"17/09/2018";"19:36:12"
"27/09/2018";"19:04:45";"2018";"2";"Eleição Ordinária";"295";"Eleição Geral Federal 2018";"07/10/2018";"BR";"BR";"BRASIL";"280000614517";"6";"21";"Veículo automotor terrestre: caminhão, automóvel, moto, etc.";"Microonibus Mercedes Benz Sprinter 415, ano 2014, LUL5792";"141000,00";"17/09/2018";"19:07:20"
"27/09/2018";"19:04:45";"2018";"2";"Eleição Ordinária";"295";"Eleição Geral Federal 2018";"07/10/2018";"BR";"BR";"BRASIL";"280000618463";"3";"13";"Terreno";"50% DO LOTE O7 - ITAIPAVA - PETRÓPOLIS, ADQUIRIDO DO VALE DA BOA ESPERANÇA AGROPECUÁRIA LTDA EM 12/7/99 POR R$10.000,00";"10000,00";"17/09/2018";"19:07:20"
"27/09/2018";"19:04:45";"2018";"2";"Eleição Ordinária";"295";"Eleição Geral Federal 2018";"07/10/2018";"BR";"BR";"BRASIL";"280000605590";"2";"11";"Apartamento";"SUITE 1.504 NO COSMOPOLITAN HOE OFFICE, AV. SEGURADO, LT 13, CONJ 01, PALMAS, TO. ADQ. DA CANADA EMPREEND. IMOB. ";"203285,87";"17/09/2018";"19:36:12"
"27/09/2018";"19:04:45";"2018";"2";"Eleição Ordinária";"295";"Eleição Geral Federal 2018";"07/10/2018";"BR";"BR";"BRASIL";"280000602477";"7";"71";"Fundo de Curto Prazo";"Fundo de Investimento Banco Santander Banespa SA";"219725,41";"17/09/2018";"19:07:20"
"27/09/2018";"19:04:45";"2018";"2";"Eleição Ordinária";"295";"Eleição Geral Federal 2018";"07/10/2018";"BR";"BR";"BRASIL";"280000618463";"8";"25";"Jóia, quadro, objeto de arte, de coleção, antiguidade, etc.";"TELAS A OLEO - AUTORES DIVERSOS";"33878,84";"17/09/2018";"19:07:20"
"27/09/2018";"19:04:45";"2018";"2";"Eleição Ordinária";"295";"Eleição Geral Federal 2018";"07/10/2018";"BR";"BR";"BRASIL";"280000624085";"29";"11";"Apartamento";"#NULO#";"119857,21";"17/09/2018";"19:36:11"
"27/09/2018";"19:04:45";"2018";"2";"Eleição Ordinária";"295";"Eleição Geral Federal 2018";"07/10/2018";"BR";"BR";"BRASIL";"280000605590";"13";"51";"Crédito decorrente de empréstimo";"EMPRESTIMO EM FAVOR DE IRAJA ABREU SILVESTRE";"750000,00";"17/09/2018";"19:36:12"
"27/09/2018";"19:04:45";"2018";"2";"Eleição Ordinária";"295";"Eleição Geral Federal 2018";"07/10/2018";"BR";"BR";"BRASIL";"280000624085";"34";"61";"Depósito bancário em conta corrente no País";"#NULO#";"188,89";"17/09/2018";"19:36:11"
"27/09/2018";"19:04:45";"2018";"2";"Eleição Ordinária";"295";"Eleição Geral Federal 2018";"07/10/2018";"BR";"BR";"BRASIL";"280000618463";"14";"51";"Crédito decorrente de empréstimo";"EMPRÉSTIMO DE R$150.000,00 A JOEL GEOFFREY VON OETTINGEN GAUL, CPF 234.868.057-20";"150000,00";"17/09/2018";"19:07:20"
"27/09/2018";"19:04:45";"2018";"2";"Eleição Ordinária";"295";"Eleição Geral Federal 2018";"07/10/2018";"BR";"BR";"BRASIL";"280000602478";"13";"45";"Aplicação de renda fixa (CDB, RDB e outros)";"Aplicação em Renda Fixa no Banrisul SA";"85246,63";"17/09/2018";"19:07:20"
"27/09/2018";"19:04:45";"2018";"2";"Eleição Ordinária";"295";"Eleição Geral Federal 2018";"07/10/2018";"BR";"BR";"BRASIL";"280000602478";"17";"11";"Apartamento";"Apartamento na SQWN 111, Brasília - DF";"1828647,35";"17/09/2018";"19:07:20"
"27/09/2018";"19:04:45";"2018";"2";"Eleição Ordinária";"295";"Eleição Geral Federal 2018";"07/10/2018";"BR";"BR";"BRASIL";"280000618463";"6";"13";"Terreno";"03 VAGAS GARAGEM - AV. RODRIGUES ALVES 173- RJ ";"19757,86";"17/09/2018";"19:07:20"
"27/09/2018";"19:04:45";"2018";"2";"Eleição Ordinária";"295";"Eleição Geral Federal 2018";"07/10/2018";"BR";"BR";"BRASIL";"280000625869";"5";"21";"Veículo automotor terrestre: caminhão, automóvel, moto, etc.";"Chevrolet Omega Fittipaldi 3.6, Alloytec, ano 2010/2011. Adquirido em 01/03/2011, RENAVAM 00302107126";"170000,00";"17/09/2018";"19:36:12"
"27/09/2018";"19:04:45";"2018";"2";"Eleição Ordinária";"295";"Eleição Geral Federal 2018";"07/10/2018";"BR";"BR";"BRASIL";"280000625869";"1";"11";"Apartamento";"[Ed. Green Hill] Av. Francisco Prestes Maia, 1501, ap. 122, SBC-SP, CEP 09770-000. Adquirido em 07/07/1995. Área total de 332m², matrícula 86.623. 1. R.I. SBC-SP";"189142,50";"17/09/2018";"19:36:12"
"27/09/2018";"19:04:45";"2018";"2";"Eleição Ordinária";"295";"Eleição Geral Federal 2018";"07/10/2018";"BR";"BR";"BRASIL";"280000625869";"17";"73";"Fundo de Investimento Imobiliário";"Saldo de rendimentos a receber ¿ BB progressivo II";"625,46";"17/09/2018";"19:36:12"
"27/09/2018";"19:04:45";"2018";"2";"Eleição Ordinária";"295";"Eleição Geral Federal 2018";"07/10/2018";"BR";"BR";"BRASIL";"280000629807";"1";"13";"Terreno";"#NULO#";"90000,00";"26/09/2018";"10:55:07"
"27/09/2018";"19:04:45";"2018";"2";"Eleição Ordinária";"295";"Eleição Geral Federal 2018";"07/10/2018";"BR";"BR";"BRASIL";"280000622281";"16";"31";"Ações (inclusive as provenientes de linha telefônica)";"#NULO#";"283176015,00";"17/09/2018";"19:07:20"
"27/09/2018";"19:04:45";"2018";"2";"Eleição Ordinária";"295";"Eleição Geral Federal 2018";"07/10/2018";"BR";"BR";"BRASIL";"280000622172";"3";"61";"Depósito bancário em conta corrente no País";"BB CDB DI -BANCO DO BRASIL 3.500,00 CNPJ: 00.000.000/2561-53 e conta corrente também no BANCO DO BRASIL - 6.339,40 CNPJ: 00.000.000/2561-53 105";"10384,29";"17/09/2018";"19:07:20"
"27/09/2018";"19:04:45";"2018";"2";"Eleição Ordinária";"295";"Eleição Geral Federal 2018";"07/10/2018";"BR";"BR";"BRASIL";"280000607641";"9";"31";"Ações (inclusive as provenientes de linha telefônica)";"#NULO#";"57879,50";"17/09/2018";"19:07:20"
"27/09/2018";"19:04:45";"2018";"2";"Eleição Ordinária";"295";"Eleição Geral Federal 2018";"07/10/2018";"BR";"BR";"BRASIL";"280000622282";"6";"32";"Quotas ou quinhões de capital";"#NULO#";"93000,00";"17/09/2018";"19:07:20"
"27/09/2018";"19:04:45";"2018";"2";"Eleição Ordinária";"295";"Eleição Geral Federal 2018";"07/10/2018";"BR";"BR";"BRASIL";"280000607640";"2";"11";"Apartamento";"#NULO#";"5334184,90";"17/09/2018";"19:07:20"
"27/09/2018";"19:04:45";"2018";"2";"Eleição Ordinária";"295";"Eleição Geral Federal 2018";"07/10/2018";"BR";"BR";"BRASIL";"280000607640";"8";"11";"Apartamento";"#NULO#";"184019,99";"17/09/2018";"19:07:20"
"27/09/2018";"19:04:45";"2018";"2";"Eleição Ordinária";"295";"Eleição Geral Federal 2018";"07/10/2018";"BR";"BR";"BRASIL";"280000605589";"2";"59";"Outros créditos e poupança vinculados";"CREDITO COM YURI SABOYA FERREIRA GOMES, DECORRENTE DA VENDA DO APTO. NA AV. HISTORIADOR RAIMUNDO GIRAO, 594/2104, PRAIA DE IRACEMA, FORTALEZA, CE.";"51990,68";"17/09/2018";"19:36:12"
"27/09/2018";"19:04:45";"2018";"2";"Eleição Ordinária";"295";"Eleição Geral Federal 2018";"07/10/2018";"BR";"BR";"BRASIL";"280000605589";"4";"59";"Outros créditos e poupança vinculados";"CREDITO COM CIRO SABOYA FERREIRA GOMES, DECORRENTE DA VENDA DO APTO. NA AV. HISTORIADOR RAIMUNDO GIRAO, 594/2104, PRAIA DE IRACEMA, FORTALEZA, CE.";"51990,69";"17/09/2018";"19:36:12"
"27/09/2018";"19:04:45";"2018";"2";"Eleição Ordinária";"295";"Eleição Geral Federal 2018";"07/10/2018";"BR";"BR";"BRASIL";"280000605589";"7";"11";"Apartamento";"APART. 1002, SITUADO NA RUA SILVA PAULET, ALDEOTA, FORTALEZA,CE, NO 101, ADQUIRIDO DE BLOKUS 3 INCORPORACAO E CONSTRUCAO.";"365875,28";"17/09/2018";"19:36:12"
"27/09/2018";"19:04:45";"2018";"2";"Eleição Ordinária";"295";"Eleição Geral Federal 2018";"07/10/2018";"BR";"BR";"BRASIL";"280000605589";"5";"21";"Veículo automotor terrestre: caminhão, automóvel, moto, etc.";"TOYOTA HILUX SW4 SRV 4X4, 2010/2010.";"105000,00";"17/09/2018";"19:36:12"
"27/09/2018";"19:04:45";"2018";"2";"Eleição Ordinária";"295";"Eleição Geral Federal 2018";"07/10/2018";"BR";"BR";"BRASIL";"280000602478";"15";"12";"Casa";"Casa na Rua Norberto José Jahn, qd. 99, lote 8, Santa Terezinha, Canela - RS";"200000,00";"17/09/2018";"19:07:20"
"27/09/2018";"19:04:45";"2018";"2";"Eleição Ordinária";"295";"Eleição Geral Federal 2018";"07/10/2018";"BR";"BR";"BRASIL";"280000618462";"7";"61";"Depósito bancário em conta corrente no País";"CONTACORRENTE PRIVATE BANCO DO BRASIL AG 4444-X CONTA 5399-6 ";"22061,75";"17/09/2018";"19:07:20"
"27/09/2018";"19:04:45";"2018";"2";"Eleição Ordinária";"295";"Eleição Geral Federal 2018";"07/10/2018";"BR";"BR";"BRASIL";"280000602477";"1";"11";"Apartamento";"Apartamento no Ed. Pintangueiras, São Paulo - SP";"323806,02";"17/09/2018";"19:07:20"
"27/09/2018";"19:04:45";"2018";"2";"Eleição Ordinária";"295";"Eleição Geral Federal 2018";"07/10/2018";"BR";"BR";"BRASIL";"280000602477";"2";"2";"Prédio comercial";"Prédio comercial no Bairro Crispim, Pindamonhangaba - SP";"27758,52";"17/09/2018";"19:07:20"
"27/09/2018";"19:04:45";"2018";"2";"Eleição Ordinária";"295";"Eleição Geral Federal 2018";"07/10/2018";"BR";"BR";"BRASIL";"280000624085";"39";"51";"Crédito decorrente de empréstimo";"#NULO#";"10500,00";"17/09/2018";"19:36:11"
"27/09/2018";"19:04:45";"2018";"2";"Eleição Ordinária";"295";"Eleição Geral Federal 2018";"07/10/2018";"BR";"BR";"BRASIL";"280000618462";"3";"32";"Quotas ou quinhões de capital";"PARTICIPACAO NO CAPITAL SOCIAL DA EMPRESA CAD TRADE EMPREENDIMENTOS IMOBILIARIOS LTDA, CNPJ 01.339.188/0001-60.";"1406210,00";"17/09/2018";"19:07:20"
"27/09/2018";"19:04:45";"2018";"2";"Eleição Ordinária";"295";"Eleição Geral Federal 2018";"07/10/2018";"BR";"BR";"BRASIL";"280000602477";"8";"97";"VGBL - Vida Gerador de Benefício Livre";"Depósito bancário em conta corrente no Banco Santander Banespa SA";"9264,36";"17/09/2018";"19:07:20"
"27/09/2018";"19:04:45";"2018";"2";"Eleição Ordinária";"295";"Eleição Geral Federal 2018";"07/10/2018";"BR";"BR";"BRASIL";"280000624085";"31";"63";"Dinheiro em espécie - moeda nacional";"#NULO#";"2000,00";"17/09/2018";"19:36:11"
"27/09/2018";"19:04:45";"2018";"2";"Eleição Ordinária";"295";"Eleição Geral Federal 2018";"07/10/2018";"BR";"BR";"BRASIL";"280000624086";"1";"32";"Quotas ou quinhões de capital";"#NULO#";"240000,00";"17/09/2018";"19:36:11"
"27/09/2018";"19:04:45";"2018";"2";"Eleição Ordinária";"295";"Eleição Geral Federal 2018";"07/10/2018";"BR";"BR";"BRASIL";"280000618463";"34";"61";"Depósito bancário em conta corrente no País";"VGBL BRADESCO ";"956000,00";"17/09/2018";"19:07:20"
"27/09/2018";"19:04:45";"2018";"2";"Eleição Ordinária";"295";"Eleição Geral Federal 2018";"07/10/2018";"BR";"BR";"BRASIL";"280000624083";"1";"11";"Apartamento";"#NULO#";"1000000,00";"17/09/2018";"19:36:12"
"27/09/2018";"19:04:45";"2018";"2";"Eleição Ordinária";"295";"Eleição Geral Federal 2018";"07/10/2018";"BR";"BR";"BRASIL";"280000622281";"8";"52";"Crédito decorrente de alienação";"#NULO#";"499998,00";"17/09/2018";"19:07:20"
"27/09/2018";"19:04:45";"2018";"2";"Eleição Ordinária";"295";"Eleição Geral Federal 2018";"07/10/2018";"BR";"BR";"BRASIL";"280000622282";"12";"61";"Depósito bancário em conta corrente no País";"#NULO#";"84520,84";"17/09/2018";"19:07:20"
"27/09/2018";"19:04:45";"2018";"2";"Eleição Ordinária";"295";"Eleição Geral Federal 2018";"07/10/2018";"BR";"BR";"BRASIL";"280000624082";"6";"31";"Ações (inclusive as provenientes de linha telefônica)";"#NULO#";"1,00";"24/09/2018";"18:08:09"
"27/09/2018";"19:04:45";"2018";"2";"Eleição Ordinária";"295";"Eleição Geral Federal 2018";"07/10/2018";"BR";"BR";"BRASIL";"280000607640";"34";"15";"Sala ou conjunto";"#NULO#";"160000,00";"17/09/2018";"19:07:20"
"27/09/2018";"19:04:45";"2018";"2";"Eleição Ordinária";"295";"Eleição Geral Federal 2018";"07/10/2018";"BR";"BR";"BRASIL";"280000607640";"21";"41";"Caderneta de poupança";"#NULO#";"59552,61";"17/09/2018";"19:07:20"
"27/09/2018";"19:04:45";"2018";"2";"Eleição Ordinária";"295";"Eleição Geral Federal 2018";"07/10/2018";"BR";"BR";"BRASIL";"280000607640";"25";"74";"Fundos: Ações, Mútuos de Privatização, Invest. Empresas Emergentes, Invest.Participação e Invest. Índice Mercado";"#NULO#";"11063444,34";"17/09/2018";"19:07:20"
"27/09/2018";"19:04:45";"2018";"2";"Eleição Ordinária";"295";"Eleição Geral Federal 2018";"07/10/2018";"BR";"BR";"BRASIL";"280000622172";"2";"13";"Terreno";"1/8 DE TERRENO - EM SAO BENTO DE SAPUCAI - SP - NIRF: 85377180 1, Estado do Serrano, São Bento do Sapucaí-SP, ";"60000,00";"17/09/2018";"19:07:20"
"27/09/2018";"19:04:45";"2018";"2";"Eleição Ordinária";"295";"Eleição Geral Federal 2018";"07/10/2018";"BR";"BR";"BRASIL";"280000602478";"18";"14";"Terra nua";"Parte de área de terras denominada Fazenda Saco do Bom Jesus, declarada pelo cônjuge, recebida em meação, espólio.";"0,01";"17/09/2018";"19:07:20"
"27/09/2018";"19:04:45";"2018";"2";"Eleição Ordinária";"295";"Eleição Geral Federal 2018";"07/10/2018";"BR";"BR";"BRASIL";"280000607640";"1";"12";"Casa";"#NULO#";"6456171,49";"17/09/2018";"19:07:20"
"27/09/2018";"19:04:45";"2018";"2";"Eleição Ordinária";"295";"Eleição Geral Federal 2018";"07/10/2018";"BR";"BR";"BRASIL";"280000607640";"4";"11";"Apartamento";"#NULO#";"3650217,77";"17/09/2018";"19:07:20"
"27/09/2018";"19:04:45";"2018";"2";"Eleição Ordinária";"295";"Eleição Geral Federal 2018";"07/10/2018";"BR";"BR";"BRASIL";"280000607640";"7";"13";"Terreno";"#NULO#";"863075,83";"17/09/2018";"19:07:20"
"27/09/2018";"19:04:45";"2018";"2";"Eleição Ordinária";"295";"Eleição Geral Federal 2018";"07/10/2018";"BR";"BR";"BRASIL";"280000607640";"26";"32";"Quotas ou quinhões de capital";"#NULO#";"68972158,71";"17/09/2018";"19:07:20"
"27/09/2018";"19:04:45";"2018";"2";"Eleição Ordinária";"295";"Eleição Geral Federal 2018";"07/10/2018";"BR";"BR";"BRASIL";"280000602478";"25";"61";"Depósito bancário em conta corrente no País";"Saldo em conta corrento no Banco Bradesco SA";"1,00";"17/09/2018";"19:07:20"
"27/09/2018";"19:04:45";"2018";"2";"Eleição Ordinária";"295";"Eleição Geral Federal 2018";"07/10/2018";"BR";"BR";"BRASIL";"280000602478";"1";"11";"Apartamento";"Apartamento no Condomínio Torres do Parque Marinha, Ed. Millenium Flat, Porto Alegre - RS";"273896,83";"17/09/2018";"19:07:20"
